3G,4g/ Lte,Battery capacity (mAh),Battery capacity (mAh) (bin),Bluetooth,Brand,F1,Front camera,GPS,Internal storage (GB),Number of SIMs,Operating system,Processor,Ram (Mb),Rear camera,Resolution,Resolution x,Resolution y,Screen size (inches),Touchscreen,Wi-Fi,Price
Yes,Yes,4000,4000,Yes,Realme,1,16,Yes,64,2,Android,8,6000,64,1080X2400,1080,2400,6.5,Yes,Yes,27999
Yes,Yes,3765,3500,Yes,Oppo,10,16,Yes,64,2,Android,8,6000,16,1080X2340,1080,2340,6.5,Yes,Yes,23990
Yes,Yes,3765,3500,Yes,Realme,11,16,Yes,128,2,Android,8,4000,48,1080X2340,1080,2340,6.53,Yes,Yes,14999
Yes,Yes,4045,4000,Yes,Realme,15,25,Yes,64,2,Android,8,4000,16,1080X2340,1080,2340,6.3,Yes,Yes,13999
Yes,Yes,4000,4000,Yes,Xiaomi,17,13,Yes,64,2,Android,8,4000,48,1080X2340,1080,2340,6.3,Yes,Yes,9799
Yes,Yes,2915,2500,Yes,Google,25,8,Yes,64,1,Android,8,4000,12,1080X2160,1080,2160,5.5,Yes,Yes,37999
Yes,Yes,5000,5000,Yes,Asus,29,8,Yes,32,2,Android,8,3000,13,1080X2160,1080,2160,5.99,Yes,Yes,9990
Yes,Yes,3300,3000,Yes,Asus,32,8,Yes,64,2,Android,8,4000,12,1080X2246,1080,2246,6.2,Yes,Yes,18999
Yes,Yes,4000,4000,Yes,Xiaomi,33,20,Yes,64,2,Android,8,4000,12,1080X2160,1080,2160,5.99,Yes,Yes,9349
Yes,Yes,3800,3500,Yes,Nokia,34,16,Yes,64,2,Android,8,4000,12,1080X2160,1080,2160,6,Yes,Yes,12000
Yes,Yes,3500,3500,Yes,Samsung,35,8,Yes,64,2,Android,8,6000,12,1440X2960,1440,2960,6.2,Yes,Yes,29999
Yes,Yes,2730,2500,Yes,Motorola,42,5,Yes,64,1,Android,8,6000,12,1440X2560,1440,2560,5.5,Yes,Yes,20999
Yes,Yes,3090,3000,Yes,Nokia,44,13,Yes,64,2,Android,8,4000,13,1440X2560,1440,2560,5.3,Yes,Yes,14994
Yes,Yes,3500,3500,Yes,Samsung,45,8,Yes,64,1,Android,8,4000,12,1440X2960,1440,2960,6.2,Yes,Yes,30000
Yes,Yes,3400,3000,Yes,OnePlus,48,16,Yes,64,2,Android,4,6000,16,1080X1920,1080,1920,5.5,Yes,Yes,19999
No,Yes,4000,4000,Yes,Samsung,49,16,Yes,64,2,Android,8,6000,16,1080X1920,1080,1920,6,Yes,Yes,16999
Yes,Yes,3450,3000,Yes,Google,50,8,Yes,32,1,Android,4,4000,12,1440X2560,1440,2560,5.5,Yes,Yes,30990
Yes,Yes,3000,3000,Yes,Honor,53,8,Yes,32,2,Android,8,4000,12,1080X1920,1080,1920,5.2,Yes,Yes,20246
Yes,Yes,3000,3000,Yes,OnePlus,54,8,Yes,64,2,Android,4,6000,16,1080X1920,1080,1920,5.5,Yes,Yes,22999
Yes,Yes,2500,2500,Yes,Yu,62,5,Yes,16,2,Cyanogen,8,2000,13,1080X1920,1080,1920,5.5,Yes,Yes,5995
Yes,Yes,3050,3000,Yes,Samsung,63,5,Yes,32,2,Android,8,2000,16,1080X1920,1080,1920,5.7,Yes,Yes,7299
Yes,Yes,2500,2500,Yes,Yu,65,5,Yes,16,2,Cyanogen,8,2000,13,720X1280,720,1280,5.5,Yes,Yes,3999
Yes,No,3100,3000,Yes,Xiaomi,66,5,Yes,8,2,Android,8,2000,13,720X1280,720,1280,5.5,Yes,Yes,7999
Yes,Yes,5000,5000,Yes,Vivo,73,16,Yes,64,2,Android,8,4000,16,1080X2340,1080,2340,6.53,Yes,Yes,10990
Yes,Yes,5000,5000,Yes,Realme,74,13,Yes,64,2,Android,8,4000,48,720X1600,720,1600,6.5,Yes,Yes,9999
Yes,Yes,4000,4000,Yes,Realme,75,32,Yes,64,2,Android,8,4000,64,1080X2340,1080,2340,6.4,Yes,Yes,16999
Yes,Yes,4000,4000,Yes,Realme,81,16,Yes,64,2,Android,8,4000,64,1080X2340,1080,2340,6.4,Yes,Yes,14999
Yes,Yes,4500,4500,Yes,Xiaomi,82,20,Yes,64,2,Android,8,6000,64,1080X2340,1080,2340,6.53,Yes,Yes,13999
Yes,Yes,3500,3500,Yes,Nokia,83,20,No,64,2,Android,8,4000,48,1080X2340,1080,2340,6.3,Yes,Yes,15377
Yes,Yes,4000,4000,Yes,Samsung,84,32,Yes,128,2,Android,8,4000,48,1080X2340,1080,2340,6.4,Yes,Yes,16650
Yes,Yes,4035,4000,Yes,Realme,85,16,Yes,64,2,Android,8,4000,48,1080X2340,1080,2340,6.3,Yes,Yes,11999
Yes,Yes,5000,5000,Yes,Realme,86,13,Yes,32,2,Android,8,3000,12,720X1600,720,1600,6.5,Yes,Yes,8600
Yes,Yes,5000,5000,Yes,Vivo,87,32,Yes,64,2,Android,8,4000,16,1080X2340,1080,2340,6.53,Yes,Yes,12990
Yes,Yes,4000,4000,Yes,Xiaomi,91,13,Yes,32,2,Android,8,3000,48,1080X2340,1080,2340,6.3,Yes,Yes,8649
Yes,Yes,3500,3500,Yes,Motorola,92,25,Yes,128,2,Android,8,4000,48,1080X2520,1080,2520,6.3,Yes,Yes,13690
Yes,Yes,4020,4000,Yes,Oppo,94,16,No,128,2,Android,8,4000,16,1080X2340,1080,2340,6.53,Yes,Yes,11990
Yes,Yes,3700,3500,Yes,Google,95,8,Yes,64,1,Android,8,4000,12,1080X2160,1080,2160,6,Yes,Yes,34999
Yes,Yes,4000,4000,Yes,Xiaomi,101,13,Yes,32,2,Android,8,3000,12,1080X2340,1080,2340,6.3,Yes,Yes,9699
Yes,Yes,4000,4000,Yes,Xiaomi,102,8,Yes,16,2,Android,8,2000,12,720X1520,720,1520,6.26,Yes,Yes,7332
Yes,Yes,5000,5000,Yes,Samsung,103,8,Yes,32,2,Android,8,3000,13,1080X2340,1080,2340,6.3,Yes,No,9999
Yes,Yes,5000,5000,Yes,Samsung,104,16,Yes,32,2,Android,8,3000,13,1080X2340,1080,2340,6.4,Yes,Yes,9499
No,No,4000,4000,Yes,Honor,105,25,Yes,128,1,Android,8,6000,48,1080X2310,1080,2310,6.4,Yes,Yes,25120
Yes,Yes,5000,5000,Yes,Asus,106,13,Yes,32,2,Android,8,3000,12,1080X2280,1080,2280,6.26,Yes,Yes,11999
Yes,Yes,3500,3500,Yes,Realme,108,25,Yes,32,2,Android,8,3000,13,1080X2340,1080,2340,6.3,Yes,Yes,8999
Yes,Yes,3800,3500,Yes,Samsung,111,24,Yes,128,2,Android,8,6000,24,1080X2220,1080,2220,6.3,Yes,Yes,22000
No,No,3060,3000,Yes,Nokia,113,8,Yes,64,2,Android,8,4000,12,1080X2280,1080,2280,5.84,Yes,Yes,11900
Yes,Yes,3500,3500,Yes,Realme,114,16,Yes,64,2,Android,8,4000,16,1080X2340,1080,2340,6.3,Yes,Yes,11770
Yes,Yes,3260,3000,Yes,Vivo,115,16,Yes,64,2,Android,8,4000,13,1080X2280,1080,2280,6.3,Yes,Yes,16490
No,Yes,3300,3000,Yes,Samsung,116,24,Yes,64,2,Android,8,4000,24,1080X2220,1080,2220,6,Yes,Yes,16490
Yes,Yes,4000,4000,Yes,Xiaomi,117,20,Yes,64,2,Android,8,4000,12,1080X2280,1080,2280,6.26,Yes,Yes,9580
Yes,Yes,3700,3500,Yes,Oppo,119,25,Yes,128,2,Android,8,8000,12,1080X2340,1080,2340,6.4,Yes,Yes,21299
Yes,Yes,3750,3500,Yes,Honor,126,16,Yes,64,2,Android,8,4000,16,1080X2340,1080,2340,6.3,Yes,Yes,18011
Yes,Yes,3410,3000,Yes,Realme,127,8,Yes,32,2,Android,8,3000,13,1080X2160,1080,2160,6,Yes,Yes,10299
Yes,Yes,3000,3000,Yes,Xiaomi,128,20,Yes,64,2,Android,8,4000,12,1080X2160,1080,2160,5.99,Yes,Yes,8990
Yes,Yes,3400,3000,Yes,Honor,129,24,Yes,128,2,Android,8,6000,16,1080X2280,1080,2280,5.84,Yes,Yes,16990
Yes,Yes,3260,3000,Yes,Nokia,132,5,Yes,128,1,Android,8,6000,12,1440X2560,1440,2560,5.5,Yes,Yes,13999
Yes,Yes,3000,3000,Yes,Nokia,134,8,Yes,32,2,Android,8,3000,16,1080X1920,1080,1920,5.5,Yes,Yes,8849
Yes,Yes,3750,3500,Yes,Honor,135,13,Yes,128,2,Android,8,6000,16,1080X2160,1080,2160,5.99,Yes,Yes,15899
Yes,Yes,3200,3000,Yes,Oppo,137,20,Yes,32,2,Android,8,4000,16,1080X2160,1080,2160,6,Yes,Yes,10499
Yes,Yes,3400,3000,Yes,Xiaomi,140,5,Yes,64,2,Android,8,6000,12,1080X2160,1080,2160,5.99,Yes,Yes,29999
Yes,Yes,4000,4000,Yes,Lenovo,141,8,Yes,32,2,Android,8,3000,13,1080X1920,1080,1920,5.2,Yes,Yes,6990
Yes,Yes,3080,3000,Yes,Xiaomi,142,5,Yes,32,2,Android,8,4000,12,1080X1920,1080,1920,5.5,Yes,Yes,9999
Yes,Yes,3000,3000,Yes,Motorola,146,5,Yes,32,2,Android,8,3000,16,1080X1920,1080,1920,5.2,Yes,Yes,9999
Yes,Yes,3520,3500,Yes,Google,147,8,Yes,64,1,Android,8,4000,12,1440X2880,1440,2880,6,Yes,Yes,12994
Yes,Yes,2700,2500,Yes,Google,148,8,Yes,64,1,Android,8,4000,12,1080X1920,1080,1920,5,Yes,Yes,9994
Yes,Yes,3000,3000,Yes,Motorola,149,16,Yes,32,2,Android,8,3000,12,1080X1920,1080,1920,5.2,Yes,Yes,12500
Yes,Yes,3000,3000,Yes,Motorola,150,8,Yes,32,2,Android,8,3000,13,1080X1920,1080,1920,5.5,Yes,Yes,8500
Yes,Yes,3300,3000,Yes,Xiaomi,151,5,Yes,16,2,Android,8,2000,12,720X1440,720,1440,5.7,Yes,Yes,6499
Yes,Yes,4000,4000,Yes,Xiaomi,152,5,Yes,32,2,Android,8,3000,12,1080X2160,1080,2160,5.99,Yes,Yes,8699
Yes,Yes,3300,3000,Yes,Samsung,154,13,Yes,32,2,Android,8,4000,13,1080X1920,1080,1920,5.7,Yes,Yes,9890
Yes,Yes,3000,3000,Yes,Motorola,155,5,Yes,64,2,Android,8,4000,12,1080X1920,1080,1920,5.5,Yes,Yes,10499
Yes,Yes,3000,3000,Yes,Yu,156,8,Yes,32,2,Android,8,4000,13,1080X1920,1080,1920,5,Yes,Yes,5990
No,Yes,4060,4000,Yes,Coolpad,158,8,No,64,2,Android,8,6000,13,1080X1920,1080,1920,5.5,Yes,Yes,8999
Yes,Yes,3300,3000,Yes,OnePlus,159,16,Yes,64,2,Android,8,6000,16,1080X1920,1080,1920,5.5,Yes,Yes,17499
Yes,Yes,5000,5000,Yes,Asus,160,13,Yes,64,2,Android,8,4000,12,1080X1920,1080,1920,5.5,Yes,Yes,26999
No,Yes,4000,4000,Yes,Honor,161,8,Yes,128,2,Android,8,6000,12,1440X2560,1440,2560,5.7,Yes,Yes,17586
Yes,Yes,3200,3000,Yes,Micromax,162,13,Yes,128,2,Android,8,4000,13,1080X1920,1080,1920,5.5,Yes,Yes,13999
Yes,Yes,4000,4000,Yes,Oppo,163,16,Yes,64,2,Android,8,4000,16,1080X1920,1080,1920,6,Yes,Yes,13990
Yes,Yes,3000,3000,Yes,Motorola,165,5,Yes,16,2,Android,8,3000,12,1080X1920,1080,1920,5.2,Yes,Yes,10900
Yes,Yes,5000,5000,Yes,Asus,166,8,No,32,2,Android,8,3000,13,720X1280,720,1280,5.2,Yes,Yes,14999
Yes,Yes,2500,2500,Yes,HTC,168,16,Yes,64,2,Android,8,4000,16,1080X1920,1080,1920,5.2,Yes,Yes,15500
Yes,Yes,3120,3000,Yes,Xiaomi,171,5,Yes,16,2,Android,4,2000,13,720X1280,720,1280,5,Yes,Yes,6999
Yes,Yes,4100,4000,Yes,Xiaomi,172,5,Yes,16,2,Android,8,2000,13,720X1280,720,1280,5,Yes,Yes,8999
Yes,Yes,3500,3500,Yes,Lenovo,174,8,Yes,32,2,Android,4,3000,13,1080X1920,1080,1920,5,Yes,Yes,11499
Yes,Yes,4000,4000,Yes,Lenovo,176,8,Yes,32,2,Android,8,3000,13,1080X1920,1080,1920,5,Yes,Yes,8500
Yes,Yes,3300,3000,Yes,Samsung,178,8,Yes,16,2,Android,8,3000,13,1080X1920,1080,1920,5.5,Yes,Yes,15995
Yes,Yes,3510,3500,Yes,Motorola,179,5,Yes,32,2,Android,8,3000,16,1080X1920,1080,1920,5.5,Yes,Yes,8990
Yes,Yes,4100,4000,Yes,Xiaomi,180,5,Yes,32,2,Android,8,2000,13,1080X1920,1080,1920,5.5,Yes,Yes,9990
Yes,Yes,4100,4000,Yes,Xiaomi,181,5,Yes,32,2,Android,8,3000,13,720X1280,720,1280,5,Yes,Yes,8000
Yes,Yes,2600,2500,Yes,Motorola,182,5,Yes,64,2,Android,4,4000,13,1440X2560,1440,2560,5.5,Yes,Yes,11999
Yes,Yes,3000,3000,Yes,Asus,183,8,Yes,64,2,Android,8,4000,16,1080X1920,1080,1920,5.5,Yes,Yes,14999
Yes,Yes,3000,3000,Yes,Motorola,185,5,Yes,16,2,Android,8,2000,16,1080X1920,1080,1920,5.5,Yes,Yes,5999
Yes,Yes,2800,2500,Yes,Coolpad,186,5,Yes,64,2,Android,8,4000,13,1080X1920,1080,1920,5.5,Yes,Yes,8499
Yes,Yes,4100,4000,Yes,Lenovo,188,8,Yes,64,2,Android,4,3000,13,1080X1920,1080,1920,5.5,Yes,Yes,7499
Yes,Yes,3000,3000,Yes,LeEco,189,8,Yes,32,2,Android,8,3000,16,1080X1920,1080,1920,5.5,Yes,Yes,6999
Yes,Yes,3100,3000,Yes,LeEco,190,8,Yes,32,2,Android,4,4000,21,1440X2560,1440,2560,5.7,Yes,Yes,7790
Yes,Yes,2800,2500,Yes,LG,193,8,Yes,32,2,Android,4,4000,16,1440X2560,1440,2560,5.3,Yes,Yes,10999
Yes,Yes,2500,2500,Yes,Oppo,194,8,Yes,16,2,Android,8,3000,13,720X1280,720,1280,5,Yes,Yes,8999
Yes,Yes,2900,2500,Yes,Samsung,195,5,Yes,16,2,Android,8,2000,13,1080X1920,1080,1920,5.2,Yes,Yes,19990
Yes,Yes,4900,4500,Yes,Lenovo,201,5,Yes,32,2,Android,8,2000,13,1080X1920,1080,1920,5.5,Yes,Yes,15999
Yes,Yes,2420,2000,Yes,Lenovo,202,8,Yes,32,2,Android,8,3000,13,1080X1920,1080,1920,5,Yes,Yes,10990
Yes,Yes,3000,3000,Yes,Samsung,203,5,Yes,32,1,Android,8,4000,16,1440X2560,1440,2560,5.7,Yes,Yes,17999
Yes,Yes,3000,3000,Yes,Samsung,204,5,Yes,32,1,Android,8,4000,16,1440X2560,1440,2560,5.7,Yes,Yes,14999
Yes,Yes,3630,3500,Yes,Motorola,205,5,Yes,16,2,Android,8,2000,21,1080X1920,1080,1920,5.5,Yes,Yes,7990
Yes,Yes,2470,2000,Yes,Motorola,206,5,Yes,8,2,Android,4,1000,13,720X1280,720,1280,5,Yes,Yes,10999
Yes,Yes,3000,3000,Yes,Asus,208,13,Yes,16,2,Android,8,2000,13,1080X1920,1080,1920,5.5,Yes,Yes,14999
Yes,Yes,3120,3000,Yes,Xiaomi,210,5,Yes,16,2,Android,8,2000,13,1080X1920,1080,1920,5,Yes,Yes,12999
Yes,Yes,2900,2500,Yes,Lenovo,211,5,Yes,16,2,Android,8,2000,13,1080X1920,1080,1920,5.5,Yes,Yes,9999
Yes,Yes,2700,2500,Yes,Gionee,213,8,Yes,16,2,Android,8,2000,13,1080X1920,1080,1920,5.2,Yes,Yes,15999
Yes,Yes,2900,2500,Yes,Lenovo,214,8,Yes,32,2,Android,8,3000,16,1080X1920,1080,1920,5,Yes,Yes,9799
Yes,Yes,3600,3500,Yes,Honor,216,8,Yes,32,2,Android,8,3000,8,1080X1920,1080,1920,5.5,Yes,Yes,26499
Yes,Yes,2600,2500,Yes,HTC,217,8,Yes,16,2,Android,8,2000,13,720X1280,720,1280,5.5,Yes,Yes,25500
Yes,Yes,2600,2500,Yes,HTC,218,5,Yes,16,1,Android,4,2000,13,1080X1920,1080,1920,5,Yes,Yes,28500
Yes,Yes,2400,2000,Yes,HTC,220,13,Yes,16,1,Android,4,2000,13,1080X1920,1080,1920,5.2,Yes,Yes,10990
Yes,No,2070,2000,Yes,Motorola,225,2,Yes,16,2,Android,4,1000,8,720X1280,720,1280,5,Yes,Yes,13500
Yes,No,3080,3000,Yes,Xiaomi,229,8,Yes,16,1,Android,4,3000,13,1080X1920,1080,1920,5,Yes,Yes,7987
Yes,Yes,3100,3000,Yes,OnePlus,231,5,Yes,16,1,Cyanogen,4,3000,13,1080X1920,1080,1920,5.5,Yes,Yes,21999
Yes,Yes,2500,2500,Yes,Gionee,235,8,Yes,16,1,Android,4,2000,16,1080X1920,1080,1920,5.5,Yes,Yes,3699
Yes,No,2070,2000,Yes,Motorola,237,1.3,Yes,8,2,Android,4,1000,5,720X1280,720,1280,4.5,Yes,Yes,9999
Yes,No,3050,3000,Yes,Xiaomi,241,2,Yes,16,1,Android,4,2000,13,1080X1920,1080,1920,5,Yes,Yes,13999
Yes,Yes,4000,4000,Yes,Oppo,250,16,Yes,128,2,Android,8,8000,48,1080X2400,1080,2400,6.4,Yes,Yes,18690
Yes,Yes,4000,4000,Yes,Motorola,252,25,Yes,64,2,Android,8,4000,48,1080X2280,1080,2280,6.3,Yes,Yes,12999
Yes,Yes,4000,4000,Yes,Motorola,253,8,Yes,64,2,Android,8,4000,13,720X1520,720,1520,6.2,Yes,Yes,8999
Yes,Yes,5000,5000,Yes,Xiaomi,255,8,Yes,32,2,Android,8,2000,12,720X1520,720,1520,6.22,Yes,Yes,6499
Yes,Yes,5000,5000,Yes,Oppo,256,16,Yes,128,2,Android,8,4000,48,720X1600,720,1600,6.5,Yes,Yes,14730
Yes,Yes,4000,4000,Yes,Samsung,257,8,Yes,32,2,Android,8,3000,13,720X1520,720,1520,6.4,Yes,Yes,8499
Yes,Yes,4000,4000,Yes,Xiaomi,259,13,Yes,32,2,Android,8,3000,48,1080X2280,1080,2280,6.3,Yes,Yes,9195
Yes,Yes,5000,5000,Yes,Xiaomi,260,8,Yes,64,2,Android,8,4000,12,720X1520,720,1520,6.22,Yes,Yes,7999
Yes,Yes,4230,4000,Yes,Realme,261,13,Yes,32,2,Android,8,3000,13,720X1520,720,1520,6.2,Yes,Yes,6999
Yes,Yes,4000,4000,Yes,Infinix,262,13,Yes,64,2,Android,8,4000,13,720X1500,720,1500,6.19,Yes,Yes,9990
Yes,Yes,3500,3500,Yes,Motorola,264,12,Yes,128,2,Android,8,4000,12,1080X2520,1080,2520,6.3,Yes,Yes,9999
Yes,Yes,4000,4000,Yes,LG,265,16,Yes,32,2,Android,8,3000,13,720X1520,720,1520,6.26,Yes,Yes,8499
Yes,Yes,4000,4000,Yes,Infinix,266,13,Yes,64,2,Android,8,6000,13,720X1500,720,1500,6.19,Yes,Yes,10999
Yes,Yes,4000,4000,Yes,Xiaomi,267,5,Yes,16,2,Android,8,2000,12,720X1440,720,1440,5.45,Yes,Yes,5499
No,No,4000,4000,Yes,Oppo,271,5,No,32,2,Android,8,2000,8,720X1560,720,1560,6.1,Yes,Yes,6670
Yes,Yes,4230,4000,Yes,Oppo,272,8,Yes,32,2,Android,8,2000,13,1520X720,1520,720,6.2,Yes,Yes,7935
Yes,Yes,4000,4000,Yes,Xiaomi,273,32,Yes,32,2,Android,8,3000,12,720X1520,720,1520,6.26,Yes,Yes,7999
Yes,Yes,4000,4000,Yes,Realme,274,5,Yes,16,2,Android,8,2000,13,720X1560,720,1560,6.1,Yes,Yes,5999
Yes,Yes,4230,4000,Yes,Realme,277,13,Yes,32,2,Android,8,3000,13,720X1520,720,1520,6.2,Yes,Yes,8490
Yes,Yes,4000,4000,Yes,Vivo,278,32,Yes,64,2,Android,8,6000,12,1080X2340,1080,2340,6.53,Yes,Yes,14990
Yes,Yes,3000,3000,Yes,Xiaomi,279,5,Yes,8,2,Android,4,1000,8,720X1280,720,1280,5,Yes,Yes,4499
Yes,Yes,3010,3000,Yes,Meizu,280,20,Yes,128,2,Android,8,8000,12,1080X2160,1080,2160,6,Yes,Yes,19990
Yes,Yes,4000,4000,Yes,Asus,281,8,Yes,32,2,Android,8,3000,13,720X1520,720,1520,6.26,Yes,Yes,7499
Yes,Yes,4000,4000,Yes,Infinix,283,16,Yes,32,2,Android,8,3000,13,720X1500,720,1500,6.2,Yes,Yes,10999
Yes,Yes,3000,3000,Yes,Asus,284,5,Yes,16,2,Android,8,2000,13,720X1440,720,1440,5.45,Yes,Yes,4999
Yes,Yes,4000,4000,Yes,Asus,285,8,No,32,2,Android,8,3000,13,720X1440,720,1440,5.45,Yes,Yes,5999
No,No,3000,3000,Yes,Lenovo,286,13,No,32,1,Android,8,3000,13,720X1440,720,1440,5.7,Yes,Yes,5899
Yes,Yes,3500,3500,Yes,Nokia,287,8,Yes,32,2,Android,8,3000,13,720X1440,720,1440,6,Yes,Yes,6850
Yes,Yes,4000,4000,Yes,Honor,288,8,Yes,32,2,Android,8,4000,13,720X1520,720,1520,6.26,Yes,Yes,7999
No,No,4230,4000,Yes,Realme,290,5,No,16,1,Android,8,2000,13,720X1520,720,1520,6.2,Yes,Yes,7990
Yes,Yes,3000,3000,Yes,BlackBerry,291,8,Yes,64,2,Android,8,4000,13,1080X1620,1080,1620,4.5,Yes,Yes,22990
Yes,Yes,4230,4000,Yes,Realme,292,8,Yes,32,2,Android,8,3000,13,720X1520,720,1520,6.2,Yes,Yes,8890
Yes,Yes,4500,4500,Yes,Infinix,293,16,Yes,32,2,Android,8,3000,12,1080X2160,1080,2160,5.99,Yes,Yes,5850
Yes,Yes,3500,3500,Yes,Oppo,294,25,Yes,64,2,Android,8,6000,16,1080X2340,1080,2340,6.3,Yes,Yes,17990
Yes,Yes,3500,3500,Yes,Oppo,295,16,Yes,64,2,Android,8,4000,16,1080X2340,1080,2340,6.3,Yes,Yes,11994
Yes,Yes,3000,3000,Yes,Honor,296,16,Yes,32,2,Android,8,3000,13,1080X2280,1080,2280,5.84,Yes,Yes,7499
Yes,Yes,4000,4000,Yes,Xiaomi,299,5,Yes,32,2,Android,8,3000,12,1080X2280,1080,2280,5.84,Yes,Yes,8290
Yes,Yes,3000,3000,Yes,Xiaomi,300,5,Yes,16,2,Android,4,2000,13,720X1440,720,1440,5.45,Yes,Yes,5699
Yes,Yes,3080,3000,Yes,Xiaomi,301,16,Yes,32,2,Android,8,3000,12,720X1440,720,1440,5.99,Yes,Yes,7999
Yes,Yes,3750,3500,Yes,Tecno,302,20,Yes,64,2,Android,8,4000,16,720X1440,720,1440,6,Yes,Yes,7420
Yes,Yes,3000,3000,Yes,Xiaomi,303,5,Yes,32,2,Android,8,3000,12,720X1440,720,1440,5.45,Yes,Yes,7180
Yes,Yes,3500,3500,Yes,Samsung,304,16,Yes,64,2,Android,8,4000,16,720X1440,720,1440,6,Yes,Yes,15499
No,No,3500,3500,Yes,Samsung,306,24,Yes,64,1,Android,8,4000,16,1080X2220,1080,2220,6,Yes,Yes,15999
Yes,Yes,5000,5000,Yes,Motorola,307,5,Yes,32,2,Android,8,3000,12,720X1440,720,1440,6,Yes,Yes,9399
Yes,Yes,3800,3500,Yes,Nubia,308,8,Yes,128,2,Android,8,8000,24,1080X2160,1080,2160,6,Yes,Yes,24860
Yes,Yes,4000,4000,Yes,InFocus,309,13,Yes,64,2,Android,8,4000,13,720X1440,720,1440,5.7,Yes,Yes,7990
Yes,Yes,3260,3000,Yes,Vivo,312,24,Yes,64,2,Android,8,4000,16,1080X2280,1080,2280,6.3,Yes,Yes,13740
No,Yes,4000,4000,Yes,Motorola,313,8,No,32,2,Android,8,3000,13,720X1440,720,1440,5.7,Yes,Yes,8049
Yes,Yes,3000,3000,Yes,Honor,314,8,Yes,32,2,Android,8,3000,13,720X1440,720,1440,5.99,Yes,Yes,7799
Yes,Yes,3000,3000,Yes,Motorola,315,16,No,32,2,Android,8,3000,12,1080X2160,1080,2160,5.7,Yes,Yes,10499
Yes,Yes,3180,3000,Yes,Oppo,317,8,Yes,16,2,Android,8,2000,13,720X1440,720,1440,5.7,Yes,Yes,6799
Yes,Yes,3500,3500,Yes,10.or,319,5,Yes,16,2,Android,4,2000,13,720X1280,720,1280,5.2,Yes,Yes,4999
Yes,Yes,4000,4000,Yes,InFocus,320,8,Yes,16,2,Android,4,2000,13,720X1440,720,1440,5.7,Yes,Yes,6850
No,No,3500,3500,Yes,Samsung,321,16,Yes,64,1,Android,8,6000,16,1080X2220,1080,2220,6,Yes,Yes,16900
Yes,Yes,3030,3000,Yes,Gionee,322,16,Yes,32,2,Android,8,4000,13,720X1440,720,1440,5.7,Yes,Yes,6319
Yes,Yes,3000,3000,Yes,Vivo,323,24,Yes,32,2,Android,8,4000,16,720X1440,720,1440,5.7,Yes,Yes,13990
Yes,Yes,3080,3000,Yes,Xiaomi,324,16,Yes,16,2,Android,8,2000,13,720X1280,720,1280,5.5,Yes,Yes,8490
Yes,Yes,3000,3000,Yes,Xiaomi,325,5,Yes,16,2,Android,4,2000,13,720X1280,720,1280,5,Yes,Yes,7199
Yes,Yes,3020,3000,Yes,Honor,327,5,Yes,32,2,Android,8,3000,13,720X1280,720,1280,5,Yes,Yes,8499
Yes,Yes,5000,5000,Yes,Gionee,328,8,Yes,64,2,Android,8,4000,13,720X1440,720,1440,6,Yes,Yes,8890
Yes,Yes,3225,3000,Yes,Vivo,329,24,Yes,64,2,Android,8,4000,16,720X1440,720,1440,5.99,Yes,Yes,10990
Yes,Yes,3000,3000,Yes,Asus,330,12,Yes,64,2,Android,8,4000,16,1080X1920,1080,1920,5.5,Yes,Yes,25999
Yes,Yes,3000,3000,Yes,LG,331,5,Yes,32,2,Android,8,3000,13,1080X2160,1080,2160,5.5,Yes,Yes,8948
Yes,Yes,3200,3000,Yes,Oppo,332,16,Yes,64,2,Android,8,4000,13,1080X1920,1080,1920,5.5,Yes,Yes,11990
Yes,Yes,3000,3000,Yes,Vivo,334,20,Yes,64,2,Android,8,4000,13,720X1280,720,1280,5.5,Yes,Yes,12990
No,Yes,4000,4000,Yes,Micromax,335,5,No,16,2,Android,4,2000,8,720X1280,720,1280,5,Yes,Yes,5499
Yes,Yes,3020,3000,Yes,Lava,336,8,Yes,32,2,Android,8,4000,13,720X1280,720,1280,5.5,Yes,Yes,12000
Yes,Yes,3630,3500,Yes,Nubia,337,16,Yes,64,2,Android,8,4000,13,1080X1920,1080,1920,5.5,Yes,Yes,12990
Yes,Yes,2500,2500,Yes,Coolpad,339,8,Yes,16,2,Android,4,3000,13,720X1280,720,1280,5,Yes,Yes,4290
Yes,Yes,4010,4000,Yes,Gionee,340,16,Yes,64,2,Android,8,4000,13,1080X1920,1080,1920,5.5,Yes,Yes,9999
Yes,Yes,2800,2500,Yes,Motorola,344,5,Yes,16,2,Android,8,2000,13,1080X1920,1080,1920,5,Yes,Yes,5450
Yes,Yes,3000,3000,Yes,Honor,345,8,No,64,2,Android,8,4000,12,1080X1920,1080,1920,5.2,Yes,Yes,14933
Yes,Yes,3055,3000,Yes,Vivo,346,20,Yes,64,2,Android,8,4000,16,1080X1920,1080,1920,5.5,Yes,Yes,12500
Yes,Yes,3000,3000,Yes,Nokia,347,8,Yes,16,2,Android,8,2000,16,1080X1920,1080,1920,5.5,Yes,Yes,7250
Yes,Yes,3600,3500,Yes,Samsung,348,16,Yes,32,2,Android,8,3000,16,1080X1920,1080,1920,5.7,Yes,Yes,25900
Yes,Yes,3000,3000,Yes,Samsung,349,16,Yes,32,2,Android,8,3000,16,1080X1920,1080,1920,5.2,Yes,Yes,18999
Yes,Yes,2500,2500,Yes,Coolpad,350,5,No,32,2,Android,8,3000,13,720X1080,720,1080,5.5,Yes,Yes,8990
Yes,Yes,2900,2500,Yes,Oppo,351,16,Yes,32,2,Android,8,3000,13,720X1280,720,1280,5.2,Yes,Yes,12000
Yes,Yes,3000,3000,Yes,Vivo,352,20,Yes,32,2,Android,8,4000,13,720X1280,720,1280,5.5,Yes,Yes,16541
Yes,Yes,4100,4000,Yes,Asus,353,8,Yes,32,2,Android,8,2000,16,1080X1920,1080,1920,5.5,Yes,Yes,8599
Yes,Yes,3200,3000,Yes,Lyf,354,8,Yes,32,2,Android,8,3000,16,1080X1920,1080,1920,5.5,Yes,Yes,6499
Yes,Yes,3340,3000,Yes,Honor,356,8,Yes,32,2,Android,8,3000,12,1080X1920,1080,1920,5.5,Yes,Yes,13999
Yes,Yes,5100,5000,Yes,Lenovo,358,5,Yes,32,2,Android,8,3000,13,1080X1920,1080,1920,5.5,Yes,Yes,16999
Yes,Yes,4000,4000,Yes,Lenovo,359,8,Yes,32,2,Android,8,3000,16,1080X1920,1080,1920,5.5,Yes,Yes,8890
Yes,Yes,3150,3000,Yes,Gionee,360,8,Yes,32,2,Android,8,3000,13,1080X1920,1080,1920,5.5,Yes,Yes,12000
Yes,Yes,4000,4000,Yes,Coolpad,361,8,Yes,32,2,Android,8,3000,13,1080X1920,1080,1920,5.5,Yes,Yes,12639
Yes,Yes,3075,3000,Yes,Oppo,362,16,Yes,32,2,Android,8,3000,13,720X1280,720,1280,5.5,Yes,Yes,15990
Yes,Yes,2610,2500,Yes,BlackBerry,363,8,Yes,16,1,Android,8,3000,13,1080X1920,1080,1920,5.2,Yes,Yes,11999
Yes,Yes,3000,3000,Yes,Asus,364,8,Yes,32,2,Android,8,4000,13,1080X1920,1080,1920,5.5,Yes,Yes,5499
Yes,Yes,4050,4000,Yes,Lenovo,365,8,Yes,32,1,Android,8,3000,13,1080X1920,1080,1920,6.4,Yes,Yes,9999
Yes,Yes,4000,4000,Yes,Yu,366,5,Yes,32,2,Android,8,4000,13,1080X1920,1080,1920,5.5,Yes,Yes,4999
Yes,Yes,3000,3000,Yes,Coolpad,367,5,Yes,16,2,Android,8,3000,13,1080X1920,1080,1920,5.5,Yes,Yes,6249
Yes,Yes,3000,3000,Yes,LeEco,368,5,Yes,32,2,Android,8,3000,13,1080X1920,1080,1920,5.5,Yes,Yes,7990
Yes,Yes,3000,3000,Yes,Vivo,369,8,Yes,32,2,Android,8,4000,13,1080X1920,1080,1920,5.5,Yes,Yes,17979
Yes,Yes,2850,2500,Yes,Oppo,370,16,Yes,64,2,Android,8,4000,13,1080X1920,1080,1920,5.5,Yes,Yes,17990
Yes,Yes,2500,2500,Yes,InFocus,371,8,Yes,16,2,Android,4,3000,8,720X1280,720,1280,5,Yes,Yes,9990
Yes,Yes,2750,2500,Yes,Lenovo,372,5,Yes,16,2,Android,8,2000,13,720X1280,720,1280,5,Yes,Yes,5999
Yes,Yes,2750,2500,Yes,Lenovo,373,5,Yes,16,2,Android,8,2000,13,1080X1920,1080,1920,5,Yes,Yes,7999
Yes,Yes,4000,4000,Yes,Xolo,374,5,Yes,8,2,Android,4,2000,8,720X1280,720,1280,5,Yes,Yes,4999
Yes,Yes,2500,2500,Yes,Coolpad,376,5,Yes,16,2,Android,4,3000,13,720X1280,720,1280,5,Yes,Yes,4999
Yes,Yes,3300,3000,Yes,Lenovo,377,5,Yes,16,2,Android,8,3000,13,1080X1920,1080,1920,5.5,Yes,Yes,8990
Yes,Yes,5020,5000,Yes,Gionee,378,5,Yes,64,2,Android,8,3000,13,1080X1920,1080,1920,6,Yes,Yes,23900
Yes,Yes,2850,2500,Yes,Intex,379,5,Yes,16,2,Android,8,2000,13,1080X1920,1080,1920,5.5,Yes,Yes,9630
Yes,Yes,2600,2500,Yes,InFocus,381,13,Yes,16,2,Android,8,2000,13,1080X1920,1080,1920,5.5,Yes,Yes,4990
Yes,Yes,4000,4000,Yes,Gionee,382,5,Yes,32,2,Android,4,3000,8,720X1280,720,1280,5,Yes,Yes,7499
Yes,Yes,3150,3000,Yes,Gionee,383,5,Yes,32,2,Android,8,3000,13,720X1280,720,1280,5.5,Yes,Yes,15998
Yes,Yes,2470,2000,Yes,Motorola,384,5,Yes,16,2,Android,8,2000,13,720X1280,720,1280,5,Yes,Yes,16999
Yes,Yes,2900,2500,Yes,Micromax,385,5,Yes,16,2,Android,8,3000,13,1080X1920,1080,1920,5.2,Yes,Yes,6800
Yes,Yes,3000,3000,Yes,Honor,386,5,Yes,16,2,Android,8,2000,13,1080X1920,1080,1920,5.5,Yes,Yes,7400
Yes,Yes,3000,3000,Yes,Coolpad,387,5,Yes,16,2,Android,8,3000,13,720X1280,720,1280,5.5,Yes,Yes,9499
Yes,Yes,2600,2500,Yes,HTC,388,4,Yes,16,2,Android,8,2000,13,720X1280,720,1280,5.5,Yes,Yes,6999
Yes,Yes,2000,2000,Yes,Yu,389,2,Yes,8,2,Android,4,1000,8,720X1280,720,1280,4.7,Yes,Yes,4695
Yes,Yes,2200,2000,Yes,Xiaomi,392,2,Yes,16,2,Android,4,2000,8,720X1280,720,1280,4.7,Yes,Yes,6999
Yes,Yes,5000,5000,Yes,Asus,393,5,Yes,16,2,Android,4,2000,13,720X1280,720,1280,5.5,Yes,Yes,4999
Yes,Yes,3000,3000,Yes,Asus,394,5,Yes,64,2,Android,4,4000,13,1080X1920,1080,1920,5.5,Yes,Yes,16999
Yes,Yes,5000,5000,Yes,Gionee,395,5,Yes,16,2,Android,4,2000,8,720X1280,720,1280,5,Yes,Yes,4400
Yes,Yes,3000,3000,Yes,Asus,396,5,Yes,16,2,Android,4,2000,13,720X1280,720,1280,5.5,Yes,Yes,12999
Yes,Yes,2900,2500,Yes,InFocus,398,8,Yes,16,2,Android,4,3000,13,1080X1920,1080,1920,5.5,Yes,Yes,7916
Yes,Yes,3200,3000,Yes,Xolo,399,5,Yes,16,2,Android,8,2000,13,1080X1920,1080,1920,5.5,Yes,Yes,11936
Yes,Yes,2700,2500,Yes,Coolpad,401,8,Yes,16,2,Android,8,2000,13,1080X1920,1080,1920,5.2,Yes,Yes,4999
Yes,Yes,2230,2000,Yes,Yu,402,5,Yes,16,2,Cyanogen,4,2000,8,720X1280,720,1280,5,Yes,Yes,8999
Yes,No,2550,2500,Yes,Honor,403,5,Yes,8,2,Android,8,2000,13,720X1280,720,1280,5,Yes,Yes,8999
Yes,Yes,2300,2000,Yes,Lenovo,404,2,Yes,16,2,Android,4,2000,8,720X1280,720,1280,5,Yes,Yes,6399
Yes,Yes,2900,2500,Yes,Lenovo,405,5,Yes,8,2,Android,8,2000,8,720X1280,720,1280,5.5,Yes,Yes,6666
Yes,No,2390,2000,Yes,Motorola,406,0.3,Yes,8,1,Android,4,1000,5,540X960,540,960,4.5,Yes,Yes,4999
Yes,No,2000,2000,Yes,HTC,407,2,Yes,8,2,Android,8,1000,8,540X960,540,960,4.7,Yes,Yes,9000
Yes,Yes,2300,2000,Yes,Lenovo,408,2,Yes,8,2,Android,4,1000,8,720X1280,720,1280,5,Yes,Yes,5000
Yes,Yes,3000,3000,Yes,Asus,409,5,Yes,64,1,Android,4,4000,13,1080X1920,1080,1920,5.5,Yes,Yes,15999
Yes,Yes,2200,2000,Yes,Xiaomi,410,2,Yes,8,2,Android,4,1000,8,720X1280,720,1280,4.7,Yes,Yes,5399
Yes,No,1900,1500,Yes,Vivo,412,2,Yes,4,2,Android,4,512,5,480X854,480,854,4.5,Yes,Yes,6539
Yes,No,2300,2000,Yes,Micromax,413,13,Yes,16,2,Android,8,2000,13,720X1280,720,1280,4.7,Yes,Yes,13895
Yes,Yes,3000,3000,Yes,Honor,414,5,Yes,8,2,Android,4,2000,13,720X1280,720,1280,5.5,Yes,Yes,9999
Yes,No,2800,2500,Yes,Xolo,415,2,Yes,8,2,Android,4,1000,8,720X1280,720,1280,5.5,Yes,Yes,6998
Yes,No,2000,2000,Yes,Micromax,416,5,Yes,16,2,Android,8,1000,13,720X1280,720,1280,5,Yes,Yes,5490
Yes,No,2500,2500,Yes,Micromax,420,5,Yes,8,2,Android,8,2000,13,720X1280,720,1280,5,Yes,Yes,4999
Yes,Yes,2600,2500,Yes,HTC,422,8,Yes,16,2,Android,8,2000,13,720X1280,720,1280,5.5,Yes,Yes,25999
Yes,No,1920,1500,Yes,Xolo,424,2,Yes,16,2,Android,8,2000,8,720X1280,720,1280,5,Yes,Yes,5499
Yes,Yes,3000,3000,Yes,Honor,427,5,Yes,16,1,Android,8,3000,13,1080X1920,1080,1920,5,Yes,Yes,14999
Yes,Yes,2140,2000,Yes,Oppo,428,0,Yes,16,1,Android,4,2000,13,720X1280,720,1280,5,Yes,Yes,9990
Yes,No,2000,2000,Yes,Xolo,429,2,Yes,8,1,Android,4,1000,8,720X1280,720,1280,5,Yes,Yes,13667
Yes,No,2500,2500,Yes,Panasonic,430,2,Yes,8,2,Android,8,1000,13,720X1280,720,1280,5.5,Yes,Yes,11900
Yes,No,2410,2000,Yes,Oppo,432,5,Yes,16,2,Android,4,1000,8,720X1280,720,1280,5,Yes,Yes,11735
Yes,No,2250,2000,Yes,Xolo,433,2,Yes,8,2,Android,4,1000,8,720X1280,720,1280,5,Yes,Yes,13606
Yes,No,2350,2000,Yes,Micromax,434,8,Yes,32,2,Android,8,2000,16,1080X1920,1080,1920,5,Yes,Yes,5999
Yes,Yes,2600,2500,Yes,HTC,435,5,Yes,8,2,Android,4,1000,13,720X1280,720,1280,5.5,Yes,Yes,27390
Yes,No,3000,3000,Yes,Lenovo,437,0.3,Yes,8,2,Android,4,1000,8,540X960,540,960,4.7,Yes,Yes,6700
Yes,No,2300,2000,Yes,Gionee,438,5,Yes,16,1,Android,8,2000,13,1080X1920,1080,1920,5,Yes,Yes,10999
Yes,No,2000,2000,Yes,Xolo,440,2,Yes,8,2,Android,4,1000,8,720X1280,720,1280,5,Yes,Yes,13677
Yes,No,2000,2000,Yes,Gionee,446,5,Yes,32,1,Android,4,2000,13,1080X1920,1080,1920,5,Yes,Yes,21450
Yes,No,2000,2000,Yes,Micromax,447,5,Yes,16,2,Android,4,1000,13,720X1280,720,1280,5,Yes,Yes,5199
Yes,No,2000,2000,Yes,Lava,448,2,Yes,4,2,Android,4,1000,8,720X1280,720,1280,5,Yes,Yes,9499
Yes,No,4000,4000,Yes,Lenovo,451,0.3,Yes,4,2,Android,4,1000,8,720X1280,720,1280,5,Yes,Yes,15410
Yes,No,2100,2000,Yes,LG,458,1.3,Yes,32,1,Android,4,2000,13,768X1280,768,1280,4.7,Yes,Yes,9999
Yes,Yes,4000,4000,Yes,Infinix,461,16,Yes,64,2,Android,8,4000,16,720X1600,720,1600,6.5,Yes,Yes,8999
Yes,Yes,3000,3000,Yes,Motorola,463,8,Yes,64,2,Android,8,4000,13,720X1560,720,1560,6.1,Yes,Yes,6999
Yes,Yes,3500,3500,Yes,Tecno,464,16,Yes,32,2,Android,4,2000,13,720X1520,720,1520,6.2,Yes,Yes,6933
No,No,4000,4000,Yes,Nokia,466,5,Yes,16,1,Android,4,2000,13,720X1520,720,1520,6.26,Yes,Yes,6690
Yes,Yes,3400,3000,Yes,Samsung,467,5,Yes,16,2,Android,8,2000,13,720X1520,720,1520,6.22,Yes,Yes,6999
Yes,Yes,4000,4000,Yes,Micromax,468,16,Yes,32,2,Android,8,3000,13,720X1500,720,1500,6.19,Yes,Yes,6299
No,No,4000,4000,Yes,Coolpad,469,8,No,64,1,Android,8,4000,16,1080X2160,1080,2160,5.99,Yes,Yes,7433
No,No,3300,3000,Yes,Samsung,470,8,Yes,64,1,Android,4,4000,13,720X1480,720,1480,6,Yes,Yes,11999
No,No,3300,3000,Yes,Samsung,471,5,Yes,32,1,Android,4,2000,13,720X1480,720,1480,6,Yes,Yes,9499
Yes,Yes,2600,2500,Yes,Samsung,472,5,Yes,8,2,Android,4,1000,8,540X960,540,960,5,Yes,Yes,6190
Yes,Yes,3200,3000,Yes,10.or,473,5,Yes,16,2,Android,4,2000,13,720X1440,720,1440,5.45,Yes,Yes,4999
Yes,Yes,3050,3000,Yes,Infinix,475,8,Yes,16,2,Android,4,2000,13,720X1440,720,1440,5.45,Yes,Yes,3999
Yes,Yes,4000,4000,Yes,Infinix,476,5,Yes,32,2,Android,4,3000,13,720X1440,720,1440,5.99,Yes,Yes,8999
Yes,Yes,4000,4000,Yes,iVoomi,477,8,Yes,16,2,Android,4,2000,13,720X1440,720,1440,5.45,Yes,Yes,4999
No,No,3020,3000,Yes,Honor,478,5,Yes,16,1,Android,4,2000,13,720X1440,720,1440,5.45,Yes,Yes,5999
Yes,Yes,4070,4000,Yes,Coolpad,479,8,Yes,32,2,Android,8,4000,13,1080X1920,1080,1920,5.5,Yes,Yes,6999
Yes,Yes,3250,3000,Yes,Panasonic,480,8,No,16,2,Android,4,3000,13,720X1440,720,1440,5.7,Yes,Yes,5709
Yes,Yes,2150,2000,Yes,Nokia,481,2,Yes,8,2,Android,4,1000,5,480X854,480,854,4.5,Yes,Yes,4672
Yes,Yes,3000,3000,Yes,iVoomi,483,8,Yes,16,2,Android,4,2000,13,640X1280,640,1280,5.45,Yes,Yes,4240
Yes,Yes,3300,3000,Yes,Samsung,484,13,Yes,32,2,Android,8,3000,13,1080X1920,1080,1920,5.5,Yes,Yes,10990
Yes,Yes,2800,2500,Yes,Intex,485,5,Yes,32,2,Android,4,3000,13,720X1280,720,1280,5.2,Yes,Yes,4199
Yes,Yes,4000,4000,Yes,Kult,486,8,Yes,32,2,Android,4,3000,13,720X1280,720,1280,5.5,Yes,Yes,6899
Yes,Yes,4850,4500,Yes,InFocus,487,5,Yes,32,2,Android,8,3000,13,720X1280,720,1280,5.5,Yes,Yes,5350
Yes,Yes,2900,2500,Yes,Micromax,489,16,Yes,32,2,Android,4,3000,13,720X1440,720,1440,5.7,Yes,Yes,4991
Yes,Yes,2800,2500,Yes,Lyf,490,2,Yes,8,2,Android,4,1000,5,480X854,480,854,4.5,Yes,Yes,3499
Yes,Yes,4000,4000,Yes,Panasonic,491,8,Yes,32,2,Android,8,3000,13,720X1280,720,1280,5.2,Yes,Yes,9000
Yes,Yes,2300,2000,Yes,Karbonn,492,5,Yes,8,2,Android,4,1000,5,720X1280,720,1280,5,Yes,Yes,3399
Yes,Yes,3000,3000,Yes,Ziox,493,5,Yes,16,2,Android,4,1000,5,720X1280,720,1280,5,Yes,Yes,3499
Yes,Yes,5000,5000,Yes,InFocus,494,5,Yes,16,2,Android,4,2000,13,720X1280,720,1280,5.2,Yes,Yes,7099
Yes,Yes,2900,2500,Yes,Karbonn,495,5,Yes,16,2,Android,4,2000,13,720X1280,720,1280,5.5,Yes,Yes,6200
Yes,Yes,2680,2500,Yes,Zopo,496,13,Yes,32,2,Android,8,3000,13,1080X1920,1080,1920,5,Yes,Yes,7399
No,Yes,4020,4000,Yes,Intex,497,5,Yes,32,2,Android,4,3000,13,720X1280,720,1280,5.2,Yes,Yes,3999
Yes,Yes,3050,3000,Yes,Micromax,498,5,Yes,16,2,Android,4,3000,13,720X1280,720,1280,5,Yes,Yes,4399
Yes,Yes,4000,4000,Yes,Tecno,499,16,Yes,32,2,Android,8,4000,13,1080X1920,1080,1920,5.5,Yes,Yes,8966
Yes,Yes,2620,2500,Yes,Lava,500,5,No,16,2,Android,4,2000,8,720X1280,720,1280,5,Yes,Yes,8920
Yes,Yes,3000,3000,Yes,Vivo,501,16,Yes,32,2,Android,8,3000,13,720X1280,720,1280,5.5,Yes,Yes,10999
No,No,3100,3000,Yes,Zopo,502,8,Yes,32,2,Android,8,3000,13,1080X1920,1080,1920,5.5,Yes,Yes,6990
Yes,Yes,2730,2500,Yes,Vivo,503,5,Yes,16,2,Android,4,3000,13,1280X720,1280,720,5.2,Yes,Yes,10990
Yes,Yes,2630,2500,Yes,Nokia,504,8,Yes,16,2,Android,4,2000,8,720X1280,720,1280,5,Yes,Yes,6900
Yes,Yes,3000,3000,Yes,Intex,505,5,Yes,16,2,Android,4,2000,13,720X1280,720,1280,5,Yes,Yes,8200
Yes,Yes,5000,5000,Yes,ZTE,506,8,Yes,32,2,Android,8,4000,13,1080X1920,1080,1920,5.5,Yes,Yes,12499
Yes,Yes,2500,2500,Yes,Panasonic,507,5,Yes,16,2,Android,4,3000,13,720X1280,720,1280,5,Yes,Yes,8440
Yes,Yes,2500,2500,Yes,Coolpad,509,8,Yes,16,2,Android,4,3000,8,720X1280,720,1280,5.5,Yes,Yes,5990
Yes,Yes,3130,3000,Yes,Gionee,510,8,Yes,32,2,Android,8,4000,13,1080X1920,1080,1920,5.5,Yes,Yes,7999
Yes,Yes,1800,1500,Yes,Panasonic,511,5,Yes,16,2,Android,4,2000,8,720X1280,720,1280,4.7,Yes,Yes,4899
Yes,Yes,2550,2500,Yes,Vivo,512,8,Yes,32,2,Android,8,3000,13,720X1280,720,1280,5,Yes,Yes,14980
Yes,No,2500,2500,Yes,Micromax,513,5,Yes,8,2,Android,4,1000,8,720X1280,720,1280,5.5,Yes,Yes,3968
Yes,Yes,2300,2000,Yes,InFocus,514,5,Yes,8,2,Android,4,2000,8,850X480,850,480,4.5,Yes,Yes,3740
Yes,Yes,4000,4000,Yes,Honor,515,5,Yes,16,2,Android,4,2000,13,720X1280,720,1280,5,Yes,Yes,8556
Yes,Yes,2600,2500,Yes,Karbonn,516,5,Yes,16,2,Android,8,2000,13,720X1280,720,1280,5,Yes,Yes,3999
Yes,Yes,3500,3500,Yes,Lyf,517,5,Yes,32,2,Android,8,3000,13,1080X1920,1080,1920,5.5,Yes,Yes,12999
Yes,Yes,3000,3000,Yes,HTC,519,5,Yes,32,2,Android,8,3000,13,1080X1920,1080,1920,5.5,Yes,Yes,14770
Yes,Yes,2300,2000,Yes,Intex,520,5,Yes,16,2,Android,4,3000,13,720X1280,720,1280,5,Yes,Yes,6999
Yes,Yes,2500,2500,Yes,Lava,521,8,Yes,16,2,Android,4,2000,13,720X1280,720,1280,5,Yes,Yes,13300
Yes,Yes,2400,2000,Yes,Gionee,522,5,Yes,16,2,Android,4,2000,8,720X1280,720,1280,5,Yes,Yes,10200
Yes,Yes,2500,2500,Yes,Micromax,523,5,Yes,16,2,Android,8,2000,13,720X1280,720,1280,5,Yes,Yes,4799
Yes,Yes,2720,2500,Yes,Vivo,524,5,Yes,16,2,Android,8,2000,13,720X1280,720,1280,5.5,Yes,Yes,13000
Yes,No,2000,2000,Yes,Micromax,525,5,Yes,8,2,Android,4,1000,5,480X854,480,854,5,No,Yes,6999
Yes,Yes,3500,3500,Yes,Panasonic,526,8,Yes,16,2,Android,8,2000,13,720X1280,720,1280,5.5,Yes,Yes,4500
Yes,No,2200,2000,Yes,Karbonn,527,5,Yes,16,2,Android,4,2000,8,720X1280,720,1280,5,Yes,Yes,2999
Yes,Yes,2230,2000,Yes,InFocus,528,2,Yes,8,2,Android,4,1000,8,720X1280,720,1280,5,Yes,Yes,7999
Yes,No,2500,2500,Yes,Micromax,529,2,Yes,8,2,Android,8,1000,13,720X1280,720,1280,5,Yes,Yes,6199
Yes,No,2650,2500,Yes,Lava,530,5,Yes,32,2,Android,4,2000,8,720X1280,720,1280,5.5,Yes,Yes,3999
Yes,No,3000,3000,Yes,Micromax,531,2,Yes,8,2,Android,4,1000,8,540X960,540,960,6,Yes,Yes,9500
Yes,Yes,3000,3000,Yes,LG,533,5,Yes,16,2,Android,4,1000,13,720X1280,720,1280,5.7,Yes,Yes,5999
Yes,No,1400,1000,Yes,Intex,534,2,Yes,8,2,Android,4,1000,8,480X800,480,800,4,Yes,Yes,3500
Yes,No,2000,2000,Yes,Micromax,535,2,Yes,8,2,Android,4,1000,8,480X800,480,800,4.7,Yes,Yes,3999
Yes,No,2000,2000,Yes,Micromax,536,2,Yes,8,2,Android,4,1000,8,540X960,540,960,4.7,Yes,Yes,5999
Yes,No,1700,1500,Yes,Intex,539,5,No,16,2,Android,4,2000,8,720X1280,720,1280,4.7,Yes,Yes,7500
Yes,No,1900,1500,Yes,Karbonn,540,8,Yes,8,2,Android,8,1000,8,720X1280,720,1280,5,Yes,Yes,7800
Yes,No,1950,1500,Yes,Gionee,544,2,Yes,8,2,Android,4,1000,5,480X854,480,854,5,Yes,Yes,4150
Yes,No,1800,1500,Yes,Karbonn,545,5,Yes,8,2,Android,4,1000,8,720X1280,720,1280,4.7,Yes,Yes,7000
Yes,No,3000,3000,Yes,Micromax,546,2,Yes,8,2,Android,4,1000,8,720X1280,720,1280,5,Yes,Yes,5599
Yes,No,4000,4000,Yes,Intex,548,2,Yes,8,2,Android,8,1000,8,480X854,480,854,5,Yes,Yes,4500
Yes,No,5000,5000,Yes,Gionee,549,2,Yes,8,2,Android,4,1000,8,720X1280,720,1280,5,Yes,Yes,3490
Yes,No,2000,2000,Yes,Honor,550,2,Yes,16,2,Android,4,1000,8,720X1280,720,1280,5,Yes,Yes,5999
Yes,No,2600,2500,Yes,HTC,552,5,Yes,8,2,Android,4,1000,13,720X1280,720,1280,5.5,Yes,Yes,21990
Yes,Yes,2300,2000,Yes,Lenovo,553,5,Yes,32,2,Android,8,2000,13,1080X1920,1080,1920,5,Yes,Yes,17499
Yes,No,2400,2000,Yes,ZTE,554,5,Yes,4,2,Android,4,1000,13,720X1280,720,1280,5,Yes,Yes,3399
Yes,No,2100,2000,Yes,Xolo,555,5,Yes,16,2,Android,8,2000,13,720X1280,720,1280,5,Yes,Yes,5888
Yes,No,3000,3000,Yes,LG,556,1.3,Yes,8,2,Android,4,1000,13,540X960,540,960,5.5,Yes,Yes,10490
Yes,No,1900,1500,Yes,iBall,557,2,Yes,8,2,Android,8,1000,8,540X960,540,960,5,Yes,Yes,3199
Yes,No,2000,2000,Yes,HTC,558,2,Yes,4,2,Android,8,1000,8,720X1280,720,1280,5,Yes,Yes,7999
Yes,Yes,2540,2500,Yes,LG,559,1.3,Yes,8,1,Android,4,1000,8,720X1280,720,1280,5,Yes,Yes,5999
Yes,No,1800,1500,Yes,Xolo,560,2,Yes,8,2,Windows,4,1000,8,720X1280,720,1280,4.7,Yes,Yes,4495
Yes,No,2000,2000,Yes,Micromax,562,2,Yes,4,2,Android,4,1000,5,480X800,480,800,4.7,Yes,Yes,8999
Yes,No,1800,1500,Yes,Lava,563,2,Yes,4,2,Android,4,1000,8,480X854,480,854,4.5,Yes,Yes,3632
Yes,No,2000,2000,Yes,Lava,565,0.3,Yes,4,2,Android,4,1000,8,540X960,540,960,4.7,Yes,Yes,5040
Yes,No,2540,2500,Yes,LG,566,0.3,Yes,8,2,Android,4,1000,8,540X960,540,960,4.7,Yes,Yes,3299
Yes,No,2000,2000,Yes,Karbonn,567,8,Yes,16,2,Android,8,2000,16,1080X1920,1080,1920,5,Yes,Yes,12494
Yes,No,2300,2000,Yes,Intex,570,5,Yes,16,2,Android,8,2000,13,720X1280,720,1280,6,Yes,Yes,16818
Yes,No,4000,4000,Yes,Xolo,571,5,Yes,16,2,Android,4,2000,13,1080X1920,1080,1920,5.7,Yes,Yes,18138
Yes,No,2600,2500,Yes,Xolo,574,2,Yes,8,2,Android,4,1000,13,720X1280,720,1280,5.5,Yes,Yes,14534
Yes,No,2000,2000,Yes,Micromax,575,5,Yes,16,2,Android,4,2000,13,1080X1920,1080,1920,5,Yes,Yes,17490
Yes,No,2000,2000,Yes,Xolo,581,2,Yes,4,1,Android,4,1000,8,720X1280,720,1280,4.7,Yes,Yes,14153
Yes,No,1800,1500,Yes,Gionee,582,2,Yes,16,2,Android,4,1000,8,720X1280,720,1280,4.7,Yes,Yes,6499
No,No,4000,4000,Yes,Coolpad,592,16,Yes,64,1,Android,8,4000,13,720X1520,720,1520,6.22,Yes,Yes,6999
Yes,Yes,2900,2500,Yes,Comio,595,8,Yes,32,2,Android,4,3000,13,1080X2160,1080,2160,6,Yes,Yes,6300
Yes,Yes,1400,1000,Yes,Intex,596,0.3,Yes,8,2,Android,4,1000,2,480X800,480,800,4,Yes,Yes,2590
Yes,Yes,1400,1000,Yes,Karbonn,597,0.3,No,8,2,Android,4,1000,2,480X800,480,800,4,Yes,Yes,3250
Yes,Yes,2000,2000,Yes,Videocon,598,5,Yes,16,2,Android,4,2000,13,720X1280,720,1280,5,Yes,Yes,3999
Yes,Yes,3000,3000,Yes,iVoomi,599,5,Yes,16,2,Android,4,2000,8,720X1280,720,1280,5,Yes,Yes,3499
Yes,Yes,3000,3000,Yes,iVoomi,600,5,Yes,8,2,Android,4,1000,5,720X1280,720,1280,5,Yes,Yes,4999
Yes,Yes,2650,2500,Yes,Asus,601,5,Yes,16,2,Android,4,2000,13,720X1280,720,1280,5,Yes,Yes,4599
Yes,Yes,2100,2000,Yes,Intex,602,5,Yes,8,2,Android,4,1000,8,720X1280,720,1280,5,Yes,Yes,6000
Yes,Yes,2250,2000,Yes,Karbonn,605,5,Yes,16,2,Android,4,2000,8,720X1280,720,1280,5,Yes,Yes,8649
Yes,No,2000,2000,Yes,InFocus,606,5,Yes,8,2,Android,4,1000,5,480X854,480,854,4.5,Yes,Yes,3199
Yes,Yes,2000,2000,Yes,HTC,607,5,Yes,16,2,Android,8,2000,13,720X1280,720,1280,5,Yes,Yes,5499
Yes,Yes,3000,3000,Yes,Intex,608,5,Yes,16,2,Android,4,2000,13,720X1280,720,1280,5,Yes,Yes,4444
Yes,No,2000,2000,Yes,HTC,609,0.3,Yes,4,2,Android,4,512,5,480X854,480,854,4.5,Yes,Yes,2699
Yes,No,2000,2000,Yes,Xolo,610,0.3,Yes,4,2,Android,4,1000,5,480X854,480,854,5,Yes,Yes,9499
Yes,No,2900,2500,Yes,Zen,612,3.2,Yes,16,2,Android,4,2000,5,480X854,480,854,5.5,Yes,Yes,3299
Yes,Yes,5000,5000,Yes,Xiaomi,615,8,Yes,32,2,Android,8,2000,13,720X1520,720,1520,6.22,Yes,Yes,6499
Yes,Yes,4120,4000,Yes,Lava,616,5,Yes,16,2,Android,4,1000,8,600X1280,600,1280,6.1,Yes,Yes,4829
No,No,3200,3000,Yes,Lava,619,5,Yes,32,2,Android,8,2000,13,720X1520,720,1520,5.7,Yes,Yes,6299
Yes,Yes,4000,4000,Yes,Nokia,620,5,No,32,2,Android,4,2000,13,720X1520,720,1520,6.2,Yes,Yes,7149
Yes,Yes,5000,5000,Yes,Vivo,622,16,Yes,128,2,Android,8,4000,16,1080X2340,1080,2340,6.53,Yes,Yes,13990
No,No,2500,2500,Yes,Lava,623,2,Yes,16,2,Android,4,1000,5,480X854,480,854,5,Yes,Yes,3899
Yes,Yes,4050,4000,Yes,Lenovo,628,16,Yes,64,2,Android,8,4000,13,720X1520,720,1520,6.22,Yes,Yes,10999
Yes,Yes,4000,4000,Yes,Samsung,631,8,Yes,32,2,Android,8,3000,13,720X1560,720,1560,6.5,Yes,Yes,10999
No,No,4000,4000,Yes,Oppo,632,16,No,128,1,Android,8,8000,48,1080X2340,1080,2340,6.53,Yes,Yes,20900
No,No,3500,3500,Yes,Lava,634,8,Yes,32,2,Android,8,3000,13,720X1520,720,1520,6.22,Yes,Yes,8099
Yes,Yes,3300,3000,Yes,HTC,635,8,No,32,2,Android,8,3000,12,720X1520,720,1520,6.22,Yes,Yes,7999
Yes,Yes,4000,4000,Yes,Samsung,636,8,Yes,32,2,Android,8,2000,13,720X1520,720,1520,6.2,Yes,Yes,8499
Yes,Yes,3500,3500,Yes,Tecno,639,32,Yes,128,2,Android,8,6000,16,1080X2340,1080,2340,6.4,Yes,Yes,12999
Yes,Yes,4050,4000,Yes,LG,640,16,No,64,2,Android,8,4000,13,720X1520,720,1520,6.22,Yes,Yes,12480
No,No,2400,2000,No,Itel,642,5,No,16,1,Android,8,2000,8,720X1440,720,1440,5.45,Yes,No,4450
Yes,Yes,3765,3500,Yes,Oppo,645,16,Yes,128,2,Android,8,8000,48,1080X2340,1080,2340,6.4,Yes,Yes,26990
Yes,Yes,2600,2500,Yes,Samsung,646,5,Yes,16,2,Android,8,1000,5,540X960,540,960,5,Yes,Yes,5290
No,No,4000,4000,Yes,Samsung,647,8,No,32,1,Android,8,3000,13,720X1560,720,1560,6.4,Yes,Yes,9900
Yes,Yes,4030,4000,Yes,Vivo,648,5,Yes,16,2,Android,8,2000,13,720X1520,720,1520,6.22,Yes,Yes,6799
Yes,Yes,4000,4000,Yes,Panasonic,649,8,No,64,2,Android,8,4000,13,1080X1920,1080,1920,5.5,Yes,Yes,6488
Yes,Yes,2250,2000,Yes,Lava,650,2,Yes,8,2,Android,4,1000,2,400X800,400,800,4,Yes,Yes,3499
No,No,3000,3000,Yes,Gionee,652,5,Yes,16,1,Android,4,2000,13,720X1440,720,1440,5.45,Yes,Yes,4488
Yes,Yes,3050,3000,Yes,Tecno,653,8,Yes,32,2,Android,4,3000,13,720X1440,720,1440,5.5,Yes,Yes,5899
Yes,Yes,3050,3000,Yes,Tecno,654,8,Yes,32,2,Android,4,2000,13,720X1440,720,1440,5.5,Yes,Yes,5199
Yes,Yes,4030,4000,Yes,Vivo,656,8,No,32,2,Android,8,2000,13,720X1520,720,1520,6.22,Yes,Yes,8349
Yes,Yes,2400,2000,Yes,Itel,657,2,Yes,8,2,Android,4,1000,5,480X960,480,960,5.45,Yes,Yes,3751
Yes,Yes,3000,3000,Yes,Xolo,660,5,Yes,16,2,Android,4,1000,8,720X1440,720,1440,5.45,Yes,Yes,3999
Yes,Yes,4000,4000,Yes,Micromax,661,8,Yes,32,2,Android,8,2000,13,720X1500,720,1500,6.19,Yes,Yes,5899
Yes,Yes,3300,3000,Yes,Meizu,664,8,No,32,2,Android,8,3000,13,720X1440,720,1440,5.7,Yes,Yes,8999
Yes,Yes,3000,3000,Yes,Meizu,665,8,Yes,16,2,Android,4,2000,13,720X1440,720,1440,5.45,Yes,Yes,3539
Yes,Yes,5000,5000,Yes,Motorola,666,8,Yes,32,2,Android,8,3000,12,720X1520,720,1520,6.2,Yes,Yes,10870
Yes,Yes,3000,3000,Yes,Motorola,667,8,Yes,64,2,Android,8,4000,12,1080X2270,1080,2270,6.2,Yes,Yes,8961
Yes,Yes,4000,4000,Yes,Itel,668,2,Yes,8,2,Android,4,1000,5,480X960,480,960,5.45,Yes,Yes,3990
No,No,4030,4000,Yes,Vivo,669,20,Yes,64,1,Android,8,4000,13,720X1520,720,1520,6.22,Yes,Yes,10499
Yes,Yes,3000,3000,Yes,Lava,670,13,Yes,16,2,Android,4,2000,13,720X1440,720,1440,5.7,Yes,Yes,6999
No,No,4030,4000,Yes,Vivo,671,8,Yes,64,1,Android,8,3000,13,720X1580,720,1580,6.2,Yes,Yes,9950
Yes,Yes,5000,5000,Yes,Micromax,672,5,Yes,16,2,Android,4,1000,5,720X1440,720,1440,5.45,Yes,Yes,4699
Yes,Yes,2000,2000,Yes,Micromax,673,2,Yes,8,2,Android,4,1000,5,480X854,480,854,5,Yes,Yes,3099
Yes,Yes,4000,4000,Yes,Panasonic,674,8,No,64,2,Android,8,4000,13,720X1500,720,1500,6.19,Yes,Yes,8490
Yes,Yes,4000,4000,Yes,Panasonic,675,8,No,32,2,Android,8,3000,13,720X1500,720,1500,6.19,Yes,Yes,6990
Yes,Yes,3000,3000,Yes,Panasonic,676,5,Yes,32,2,Android,4,3000,13,720X1440,720,1440,5.7,Yes,Yes,8999
Yes,Yes,2400,2000,Yes,Intex,680,8,Yes,16,2,Android,4,2000,8,720X1280,720,1280,5,Yes,Yes,6999
Yes,Yes,3315,3000,Yes,Vivo,682,25,Yes,64,2,Android,8,6000,16,1080X2340,1080,2340,6.3,Yes,Yes,14229
No,No,3600,3500,Yes,HTC,684,13,Yes,64,2,Android,8,4000,16,1080X2160,1080,2160,6,Yes,Yes,12990
No,Yes,4000,4000,Yes,Yu,685,5,Yes,16,2,Android,4,2000,13,720X1440,720,1440,5.45,Yes,Yes,3999
No,No,2500,2500,Yes,Lava,689,5,Yes,16,1,Android,4,1000,5,720X1080,720,1080,5,Yes,Yes,4890
Yes,Yes,2400,2000,Yes,Itel,690,2,Yes,16,2,Android,4,2000,5,480X960,480,960,5,Yes,Yes,4350
Yes,Yes,2700,2500,Yes,Itel,691,5,Yes,8,2,Android,4,1000,5,720X1440,720,1440,5.45,Yes,Yes,4999
No,No,3260,3000,Yes,Vivo,693,8,Yes,64,1,Android,8,4000,13,720X1520,720,1520,6.22,Yes,Yes,13950
Yes,Yes,3050,3000,Yes,Tecno,694,13,No,16,2,Android,4,2000,13,720X1440,720,1440,5.5,Yes,Yes,5899
Yes,Yes,3050,3000,Yes,Tecno,695,8,No,16,2,Android,4,2000,13,720X1440,720,1440,5.5,Yes,Yes,4599
No,No,3500,3500,Yes,Oppo,696,25,Yes,128,1,Android,8,8000,16,1080X2280,1080,2280,6.4,Yes,Yes,17990
Yes,Yes,3010,3000,Yes,Meizu,697,20,Yes,64,2,Android,8,6000,12,1080X2160,1080,2160,6,Yes,Yes,19490
No,No,4000,4000,Yes,BlackBerry,698,16,Yes,64,1,Android,8,4000,13,1080X2160,1080,2160,5.99,Yes,Yes,13999
Yes,Yes,3500,3500,Yes,Samsung,699,16,Yes,64,2,Android,8,4000,16,720X1480,720,1480,6,Yes,Yes,19990
Yes,Yes,4000,4000,Yes,Tecno,700,13,Yes,32,2,Android,4,3000,13,720X1440,720,1440,6,Yes,Yes,8990
No,No,3285,3000,Yes,Vivo,701,5,No,16,1,Android,4,2000,8,720X1440,720,1440,6,Yes,No,7500
No,No,4000,4000,Yes,Alcatel,702,8,Yes,32,1,Android,8,3000,12,720X1500,720,1500,6.2,Yes,Yes,12999
No,No,4230,4000,Yes,Oppo,705,8,Yes,16,1,Android,8,2000,13,720X1520,720,1520,6.2,Yes,Yes,7450
Yes,Yes,4230,4000,Yes,Oppo,706,8,Yes,32,2,Android,8,4000,13,720X1520,720,1520,6.2,Yes,Yes,8990
No,No,3225,3000,Yes,Vivo,707,24,Yes,32,1,Android,8,4000,16,720X1440,720,1440,6,Yes,Yes,7994
Yes,Yes,2000,2000,Yes,Alcatel,709,2,Yes,8,1,Android,4,1000,5,480X960,480,960,5,Yes,Yes,3499
Yes,Yes,3260,3000,Yes,Vivo,710,5,Yes,32,2,Android,8,3000,13,720X1520,720,1520,6.22,Yes,Yes,9790
Yes,Yes,2400,2000,Yes,Panasonic,711,5,Yes,16,2,Android,4,1000,5,720X1280,720,1280,5,Yes,Yes,3899
Yes,Yes,2500,2500,Yes,Comio,713,5,Yes,16,2,Android,4,1000,8,720X1440,720,1440,5,Yes,Yes,6499
Yes,Yes,2800,2500,Yes,iVoomi,714,5,Yes,8,2,Android,4,1000,5,480X854,480,854,5,Yes,Yes,2999
No,No,3300,3000,Yes,LG,715,5,Yes,64,1,Android,8,4000,16,1080X2160,1080,2160,6.2,Yes,Yes,16999
No,No,3300,3000,Yes,LG,716,5,Yes,32,1,Android,8,3000,16,1080X2160,1080,2160,6.2,Yes,Yes,14999
Yes,Yes,4000,4000,Yes,Lenovo,717,8,Yes,16,2,Android,4,2000,13,720X1440,720,1440,5.45,Yes,Yes,5300
No,No,2990,2500,Yes,Nokia,718,8,Yes,16,1,Android,8,2000,13,720X1440,720,1440,5.2,Yes,Yes,5994
Yes,Yes,3260,3000,Yes,Vivo,720,8,Yes,32,2,Android,8,4000,13,720X1520,720,1520,6.22,Yes,Yes,10399
Yes,Yes,3500,3500,Yes,BlackBerry,721,8,Yes,64,2,Android,8,4000,12,1080X1620,1080,1620,4.5,Yes,Yes,19994
Yes,Yes,2000,2000,Yes,Micromax,723,5,Yes,8,2,Android,4,1000,5,480X854,480,854,4.5,Yes,Yes,3789
No,Yes,4000,4000,Yes,iVoomi,724,8,Yes,32,2,Android,4,3000,13,720X1440,720,1440,5.45,Yes,Yes,4299
No,No,3000,3000,Yes,LG,725,5,Yes,64,1,Android,8,4000,16,1080X2160,1080,2160,5.5,Yes,Yes,11849
No,No,3000,3000,Yes,LG,726,8,Yes,32,1,Android,8,3000,13,1080X2160,1080,2160,5.5,Yes,Yes,8875
No,No,4000,4000,Yes,Kult,729,13,Yes,32,2,Android,4,3000,13,720X1440,720,1440,5.99,Yes,Yes,4378
Yes,Yes,3000,3000,Yes,Samsung,730,5,Yes,16,2,Android,4,2000,13,720X1280,720,1280,5.5,Yes,Yes,6924
No,No,2900,2500,Yes,Karbonn,731,8,Yes,16,2,Android,4,2000,8,720X1280,720,1280,5.2,Yes,Yes,6999
Yes,Yes,2800,2500,Yes,Intex,732,5,Yes,32,2,Android,4,3000,13,720X1280,720,1280,5.2,Yes,Yes,4999
No,No,2300,2000,Yes,Panasonic,733,5,Yes,16,2,Android,4,1000,8,720X1280,720,1280,5,Yes,Yes,3675
Yes,Yes,2600,2500,Yes,Samsung,736,5,Yes,16,2,Android,4,2000,8,540X960,540,960,5,Yes,Yes,6799
Yes,Yes,2500,2500,Yes,Vivo,737,5,Yes,16,2,Android,4,2000,8,540X960,540,960,5,Yes,Yes,7706
Yes,Yes,3260,3000,Yes,Vivo,738,16,Yes,32,2,Android,8,4000,16,1080X2280,1080,2280,6.3,Yes,Yes,8990
Yes,Yes,4000,4000,Yes,Motorola,739,5,No,16,2,Android,4,2000,13,720X1440,720,1440,5.7,Yes,Yes,7950
Yes,Yes,3360,3000,Yes,Vivo,740,5,Yes,16,2,Android,4,3000,13,720X1440,720,1440,6,Yes,Yes,8500
No,No,2500,2500,Yes,Coolpad,741,5,No,16,1,Android,4,2000,8,720X1280,720,1280,5,Yes,Yes,4590
No,No,3000,3000,Yes,Samsung,742,8,Yes,32,2,Android,8,4000,13,720X1280,720,1280,5.5,Yes,Yes,10640
Yes,Yes,3000,3000,Yes,Honor,743,8,Yes,32,2,Android,8,2000,13,720X1440,720,1440,5.7,Yes,Yes,6999
No,No,3000,3000,No,Lava,744,8,No,16,2,Android,4,2000,13,720X1440,720,1440,5.7,Yes,No,7999
Yes,Yes,3180,3000,Yes,Oppo,745,8,Yes,16,2,Android,8,2000,13,720X1440,720,1440,5.7,Yes,Yes,9490
Yes,Yes,2500,2500,Yes,LG,746,5,No,16,2,Android,4,2000,8,720X1280,720,1280,5,Yes,Yes,6299
Yes,Yes,3300,3000,Yes,Samsung,747,13,Yes,32,2,Android,8,3000,13,1080X1920,1080,1920,5.5,Yes,Yes,10500
No,No,2500,2500,Yes,Intex,748,5,Yes,16,2,Android,4,2000,8,720X1280,720,1280,5,Yes,Yes,3999
Yes,Yes,2400,2000,Yes,Itel,749,8,Yes,16,2,Android,4,2000,8,720X1440,720,1440,5.45,Yes,Yes,3890
Yes,Yes,2400,2000,Yes,Itel,750,5,Yes,8,2,Android,4,1000,5,480X960,480,960,5.45,Yes,Yes,6600
Yes,Yes,2000,2000,Yes,Lava,752,5,Yes,8,2,Android,4,1000,5,480X854,480,854,4.5,Yes,Yes,4540
Yes,Yes,3000,3000,Yes,Alcatel,755,8,Yes,32,2,Android,4,3000,16,1080X2160,1080,2160,6,Yes,Yes,10999
Yes,Yes,3000,3000,Yes,Alcatel,756,5,Yes,32,2,Android,4,3000,13,720X1440,720,1440,5.7,Yes,Yes,9999
Yes,Yes,4000,4000,Yes,Karbonn,758,8,Yes,16,2,Android,4,2000,13,720X1280,720,1280,5.5,Yes,Yes,8226
Yes,Yes,2700,2500,Yes,Celkon,759,8,Yes,32,2,Android,4,3000,16,720X1280,720,1280,5,Yes,Yes,7249
Yes,Yes,3900,3500,Yes,Comio,760,5,Yes,16,2,Android,4,1000,8,720X1280,720,1280,5,Yes,Yes,5999
Yes,Yes,3050,3000,Yes,Comio,761,8,Yes,32,2,Android,4,2000,13,720X1280,720,1280,5,Yes,Yes,5399
No,No,2500,2500,Yes,Ziox,762,8,Yes,16,1,Android,4,1000,8,720X1280,720,1280,5,Yes,Yes,3599
No,No,2200,2000,Yes,Intex,763,2,Yes,8,1,Android,4,1000,5,720X1280,720,1280,5,Yes,Yes,3799
Yes,Yes,2200,2000,Yes,Panasonic,764,5,No,16,2,Android,4,1000,8,720X1280,720,1280,5,Yes,Yes,4499
No,No,2400,2000,Yes,InFocus,765,5,Yes,8,1,Android,4,1000,5,720X1280,720,1280,5,Yes,Yes,3899
Yes,Yes,3000,3000,Yes,Oppo,766,5,No,16,2,Android,8,3000,13,720X1280,720,1280,5.2,Yes,Yes,7999
Yes,Yes,2500,2500,Yes,Vivo,767,5,Yes,16,2,Android,4,2000,8,540X960,540,960,5,Yes,Yes,8490
Yes,Yes,2350,2000,Yes,Ziox,768,2,Yes,16,2,Android,4,1000,5,480X854,480,854,5,Yes,Yes,3799
Yes,Yes,3930,3500,Yes,HTC,769,5,Yes,64,2,Android,8,4000,12,1080X2160,1080,2160,6,Yes,Yes,19999
Yes,Yes,3000,3000,Yes,Karbonn,770,13,Yes,32,2,Android,4,3000,13,1080X1920,1080,1920,5.5,Yes,Yes,4799
Yes,Yes,3000,3000,Yes,iVoomi,771,8,Yes,32,2,Android,4,3000,13,640X1280,640,1280,5.45,Yes,Yes,4999
No,No,5000,5000,Yes,Micromax,774,5,Yes,16,1,Android,4,2000,8,720X1280,720,1280,5.2,Yes,Yes,4470
Yes,Yes,3100,3000,Yes,Gionee,775,16,Yes,32,2,Android,4,4000,13,720X1280,720,1280,5.2,Yes,Yes,6290
Yes,Yes,2600,2500,Yes,Ziox,776,5,Yes,8,2,Android,4,1000,8,720X1280,720,1280,5,Yes,Yes,3199
Yes,Yes,1800,1500,Yes,Celkon,777,2,Yes,4,2,Android,4,512,3,480X800,480,800,4,Yes,Yes,2999
Yes,Yes,2200,2000,Yes,Karbonn,778,5,Yes,16,2,Android,4,1000,8,480X854,480,854,5,Yes,Yes,4190
Yes,Yes,1700,1500,Yes,Itel,779,0.3,Yes,8,2,Android,4,1000,2,480X800,480,800,4,Yes,Yes,3749
Yes,Yes,2300,2000,Yes,Jivi,780,2,Yes,8,2,Android,4,1000,5,480X800,480,800,4,Yes,Yes,2550
Yes,Yes,2500,2500,Yes,Panasonic,781,5,Yes,32,2,Android,4,3000,13,720X1280,720,1280,5,Yes,Yes,5490
Yes,Yes,4000,4000,Yes,Intex,782,8,Yes,32,2,Android,4,3000,13,720X1280,720,1280,5,Yes,Yes,6729
Yes,Yes,1600,1500,Yes,Micromax,783,2,Yes,8,2,Android,4,1000,5,480X800,480,800,4,Yes,Yes,2340
Yes,Yes,2600,2500,Yes,Kult,785,5,No,32,2,Android,4,3000,13,720X1280,720,1280,5,Yes,Yes,3999
Yes,Yes,5000,5000,Yes,Micromax,786,5,Yes,16,2,Android,4,1000,5,720X1280,720,1280,5.2,Yes,Yes,4790
Yes,Yes,2400,2000,Yes,Intex,787,8,Yes,16,2,Android,4,2000,8,720X1280,720,1280,5,Yes,Yes,5295
Yes,Yes,2670,2500,Yes,Gionee,788,5,Yes,16,2,Android,8,2000,8,720X1440,720,1440,5.45,Yes,Yes,3999
Yes,Yes,2500,2500,No,Panasonic,789,5,Yes,16,2,Android,4,1000,8,720X1280,720,1280,5,Yes,Yes,7990
Yes,Yes,2500,2500,Yes,Intex,791,5,Yes,16,2,Android,4,2000,8,720X1280,720,1280,5,Yes,Yes,4970
Yes,Yes,2700,2500,Yes,Intex,792,5,Yes,8,2,Android,4,1000,8,480X854,480,854,5.2,Yes,Yes,4495
Yes,Yes,2300,2000,Yes,Karbonn,793,2,Yes,8,2,Android,4,1000,2,480X854,480,854,5,Yes,Yes,2999
Yes,Yes,2300,2000,Yes,Karbonn,794,2,Yes,8,2,Android,4,1000,5,480X854,480,854,5,Yes,Yes,3800
Yes,Yes,1500,1500,Yes,Karbonn,795,2,Yes,8,2,Android,4,1000,3,480X800,480,800,4,Yes,Yes,2450
Yes,Yes,2300,2000,Yes,Zen,797,2,Yes,8,2,Android,4,1000,5,480X854,480,854,5,Yes,Yes,3999
Yes,Yes,2500,2500,Yes,Panasonic,798,5,Yes,16,2,Android,4,2000,13,720X1280,720,1280,5,Yes,Yes,8990
Yes,Yes,2700,2500,Yes,Itel,799,5,Yes,16,2,Android,4,1000,8,480X854,480,854,5,Yes,Yes,4900
Yes,Yes,5000,5000,Yes,Panasonic,800,5,Yes,32,2,Android,4,3000,13,720X1280,720,1280,5.2,Yes,Yes,5935
Yes,Yes,3080,3000,Yes,Xiaomi,801,5,Yes,16,2,Android,4,2000,13,720X1280,720,1280,5.5,Yes,Yes,5999
Yes,Yes,2300,2000,Yes,Karbonn,803,8,Yes,8,2,Android,4,1000,5,480X854,480,854,5,Yes,Yes,3282
Yes,Yes,1500,1500,Yes,Celkon,804,2,No,8,2,Android,4,1000,3,480X800,480,800,4,Yes,Yes,3199
Yes,Yes,4000,4000,Yes,Karbonn,807,8,Yes,16,1,Android,4,2000,13,720X1280,720,1280,5,Yes,Yes,7490
Yes,Yes,1300,1000,Yes,Micromax,808,0.3,Yes,4,2,Android,4,512,2,480X800,480,800,4,Yes,Yes,2299
Yes,Yes,4100,4000,Yes,Nokia,809,5,Yes,8,2,Android,4,1000,8,720X1280,720,1280,5,Yes,Yes,6999
Yes,Yes,2500,2500,Yes,Xolo,811,8,Yes,8,1,Android,4,1000,5,720X1280,720,1280,5,Yes,Yes,5999
Yes,Yes,3000,3000,Yes,Xolo,812,13,Yes,16,2,Android,4,2000,8,720X1280,720,1280,5,Yes,Yes,7499
Yes,Yes,3000,3000,Yes,Xolo,813,13,Yes,16,2,Android,4,3000,13,720X1280,720,1280,5,Yes,Yes,8499
Yes,Yes,2000,2000,Yes,Samsung,814,2,Yes,8,2,Android,4,1000,5,540X960,540,960,4.7,Yes,Yes,6000
Yes,Yes,2500,2500,No,Swipe,815,8,Yes,32,2,Android,4,3000,13,720X1280,720,1280,5,Yes,Yes,4399
Yes,Yes,4000,4000,Yes,BlackBerry,816,8,Yes,32,1,Android,8,4000,12,1080X1920,1080,1920,5.5,Yes,Yes,29999
Yes,Yes,2750,2500,Yes,Lava,817,8,Yes,32,2,Android,4,3000,8,720X1280,720,1280,5.2,Yes,Yes,9999
Yes,Yes,2500,2500,Yes,Lava,818,5,Yes,16,2,Android,4,3000,8,720X1280,720,1280,5,Yes,Yes,4725
Yes,Yes,2500,2500,Yes,Lava,819,5,Yes,16,2,Android,4,2000,8,720X1280,720,1280,5,Yes,Yes,5279
Yes,Yes,4000,4000,Yes,Comio,820,8,Yes,16,2,Android,4,2000,8,720X1280,720,1280,5,Yes,Yes,4199
Yes,Yes,2500,2500,Yes,LG,821,5,Yes,16,2,Android,4,2000,8,480X854,480,854,5,Yes,Yes,4321
Yes,Yes,2200,2000,Yes,Ziox,822,2,Yes,16,2,Android,4,2000,5,480X854,480,854,5,Yes,Yes,3799
No,Yes,3000,3000,Yes,Panasonic,823,5,Yes,16,2,Android,4,2000,8,720X1280,720,1280,5,Yes,Yes,5699
Yes,Yes,4000,4000,No,10.or,824,16,Yes,32,2,Android,8,3000,13,1080X1920,1080,1920,5.5,Yes,Yes,6999
Yes,Yes,2300,2000,Yes,Karbonn,825,5,Yes,8,2,Android,4,1000,8,480X854,480,854,5.2,Yes,Yes,3490
Yes,Yes,2400,2000,Yes,Intex,826,5,Yes,8,1,Android,4,1000,5,240X854,240,854,5,Yes,Yes,3890
Yes,Yes,2700,2500,Yes,Itel,827,8,Yes,16,2,Android,4,3000,8,720X1280,720,1280,5,Yes,Yes,5410
Yes,Yes,2300,2000,Yes,Intex,828,5,Yes,8,2,Android,4,1000,5,480X854,480,854,5,Yes,Yes,3299
Yes,Yes,1750,1500,Yes,Intex,829,2,Yes,8,2,Android,4,1000,5,480X800,480,800,4,Yes,Yes,2950
Yes,Yes,4000,4000,Yes,Gionee,830,16,Yes,16,2,Android,4,3000,13,720X1280,720,1280,5.2,Yes,Yes,5699
Yes,Yes,2500,2500,Yes,Micromax,831,5,Yes,8,2,Android,4,1000,5,720X1280,720,1280,5,Yes,Yes,3480
Yes,Yes,5000,5000,Yes,Panasonic,833,13,Yes,32,2,Android,8,3000,13,1080X1920,1080,1920,5.5,Yes,Yes,6999
Yes,Yes,4000,4000,Yes,Panasonic,834,5,Yes,32,2,Android,4,3000,13,720X1280,720,1280,5,Yes,Yes,5891
Yes,Yes,3930,3500,Yes,Yu,835,8,Yes,64,2,Android,8,4000,16,1080X1920,1080,1920,5.5,Yes,Yes,13999
Yes,Yes,2800,2500,Yes,Intex,836,5,Yes,16,2,Android,4,2000,8,720X1280,720,1280,5.5,Yes,Yes,4799
Yes,Yes,3000,3000,Yes,InFocus,837,8,Yes,64,1,Android,8,4000,13,720X1280,720,1280,5.2,Yes,Yes,6195
Yes,Yes,4000,4000,Yes,10.or,838,5,Yes,16,2,Android,8,2000,13,1080X1920,1080,1920,5.5,Yes,Yes,4999
Yes,Yes,4000,4000,Yes,Lenovo,839,8,Yes,32,2,Android,8,3000,13,720X1280,720,1280,5.2,Yes,Yes,7040
Yes,Yes,2210,2000,Yes,Panasonic,840,5,Yes,16,2,Android,4,1000,8,480X854,480,854,5,Yes,Yes,6604
Yes,Yes,3000,3000,Yes,Oppo,841,5,Yes,16,2,Android,8,2000,13,720X1280,720,1280,5.2,Yes,Yes,8490
Yes,Yes,3000,3000,Yes,iVoomi,842,8,Yes,32,2,Android,4,3000,13,720X1280,720,1280,5.2,Yes,Yes,4950
Yes,Yes,3000,3000,Yes,iVoomi,843,8,Yes,16,2,Android,4,2000,8,720X1280,720,1280,5.2,Yes,Yes,3790
No,Yes,4000,4000,Yes,Alcatel,844,8,Yes,32,1,Android,8,3000,16,1080X1920,1080,1920,5.5,Yes,Yes,8999
Yes,Yes,2800,2500,Yes,Intex,848,5,Yes,16,2,Android,4,2000,8,720X1280,720,1280,5.5,Yes,Yes,4390
Yes,Yes,3000,3000,Yes,Jivi,849,5,No,16,1,Android,4,2000,13,720X1280,720,1280,5.5,Yes,Yes,6449
Yes,Yes,2400,2000,Yes,Jivi,850,5,No,16,1,Android,4,1000,8,480X854,480,854,5,Yes,Yes,5199
Yes,Yes,2500,2500,Yes,Jivi,851,5,No,8,1,Android,4,1000,8,480X854,480,854,5,Yes,Yes,3599
Yes,Yes,2300,2000,Yes,Jivi,852,2,No,8,1,Android,4,1000,5,480X800,480,800,4,Yes,Yes,2499
Yes,Yes,1800,1500,Yes,Jivi,853,2,No,4,1,Android,4,512,5,480X800,480,800,4,Yes,Yes,2599
No,No,2500,2500,Yes,Intex,854,5,Yes,16,1,Android,4,1000,5,480X854,480,854,5,Yes,Yes,4999
Yes,Yes,3000,3000,Yes,Vivo,855,16,Yes,32,2,Android,8,3000,13,720X1280,720,1280,5.5,Yes,Yes,9500
Yes,Yes,2000,2000,Yes,iVoomi,856,5,Yes,16,2,Android,4,2000,8,480X854,480,854,4.5,Yes,Yes,2900
Yes,Yes,2500,2500,No,Swipe,857,2,Yes,4,2,Android,4,512,5,480X854,480,854,4,Yes,Yes,2499
Yes,Yes,4000,4000,No,Meizu,858,16,Yes,16,2,Android,8,3000,12,1080X1920,1080,1920,5.5,Yes,Yes,14000
No,No,2200,2000,Yes,Alcatel,861,8,Yes,16,2,Android,4,2000,13,720X1280,720,1280,5,Yes,Yes,6499
Yes,Yes,3000,3000,Yes,Gionee,863,8,Yes,16,2,Android,4,2000,8,720X1280,720,1280,5,Yes,Yes,4978
No,Yes,2700,2500,Yes,Comio,864,5,Yes,32,2,Android,4,1000,8,720X1280,720,1280,5,Yes,Yes,4995
No,Yes,2700,2500,Yes,Comio,865,8,Yes,32,2,Android,4,2000,13,720X1280,720,1280,5.2,Yes,Yes,5499
No,Yes,5000,5000,Yes,Comio,866,8,Yes,32,2,Android,4,3000,13,720X1280,720,1280,5.2,Yes,Yes,8666
Yes,Yes,3000,3000,Yes,Micromax,867,5,Yes,32,1,Android,8,3000,13,1080X1920,1080,1920,5.5,Yes,Yes,4499
Yes,Yes,2500,2500,Yes,Swipe,869,5,Yes,8,2,Android,4,1000,8,480X854,480,854,5,Yes,Yes,3499
Yes,Yes,2200,2000,Yes,Panasonic,870,5,Yes,16,2,Android,4,1000,8,720X1280,720,1280,5,Yes,Yes,4990
Yes,Yes,3000,3000,Yes,Asus,871,20,Yes,64,2,Android,8,4000,16,720X1280,720,1280,5.5,Yes,Yes,6998
No,No,5000,5000,Yes,Itel,872,2,Yes,8,1,Android,4,1000,5,480X854,480,854,5,Yes,Yes,3880
No,Yes,4000,4000,Yes,Panasonic,873,8,Yes,16,2,Android,8,3000,13,720X1280,720,1280,5.2,Yes,Yes,5935
Yes,Yes,4000,4000,Yes,Gionee,874,20,Yes,32,2,Android,8,3000,13,720X1280,720,1280,5.3,Yes,Yes,4999
No,No,2300,2000,Yes,Karbonn,875,0.3,No,8,2,Android,4,1000,2,480X800,480,800,4,Yes,Yes,2754
Yes,Yes,3000,3000,Yes,Swipe,876,5,Yes,16,2,Android,4,2000,8,720X1280,720,1280,5,Yes,Yes,3599
Yes,Yes,3000,3000,Yes,Kult,877,13,Yes,32,2,Android,4,3000,13,720X1280,720,1280,5.2,Yes,Yes,3999
Yes,Yes,2500,2500,Yes,Coolpad,878,5,Yes,16,1,Android,4,2000,8,720X1280,720,1280,5,Yes,Yes,4610
Yes,Yes,3300,3000,Yes,Karbonn,879,5,Yes,16,2,Android,4,2000,8,720X1280,720,1280,6,Yes,Yes,5899
No,Yes,4000,4000,Yes,Infinix,880,5,Yes,16,2,Android,4,3000,13,720X1280,720,1280,5.5,Yes,Yes,7499
No,Yes,4300,4000,Yes,Infinix,881,8,Yes,32,2,Android,4,3000,13,1080X1920,1080,1920,5.7,Yes,Yes,8999
No,Yes,3000,3000,Yes,Micromax,882,8,No,32,2,Android,4,3000,13,720X1280,720,1280,5.2,Yes,Yes,4895
No,No,3000,3000,No,Meizu,883,16,Yes,64,2,Android,8,4000,12,1080X1920,1080,1920,5.2,Yes,Yes,28000
Yes,Yes,2500,2500,Yes,Yu,884,5,Yes,16,2,Android,4,2000,13,720X1280,720,1280,5,Yes,Yes,4499
No,Yes,2000,2000,Yes,Lyf,885,2,Yes,8,2,Android,4,1000,5,480X854,480,854,4.5,Yes,Yes,3590
Yes,Yes,3000,3000,Yes,Samsung,886,5,Yes,16,2,Android,8,2000,13,720X1280,720,1280,5.5,Yes,Yes,10990
No,No,4000,4000,Yes,Intex,887,8,Yes,16,1,Android,4,2000,8,720X1280,720,1280,5,Yes,Yes,5440
Yes,Yes,3000,3000,Yes,iVoomi,888,5,Yes,16,2,Android,4,2000,8,720X1280,720,1280,5,Yes,Yes,3290
Yes,Yes,2000,2000,Yes,iVoomi,889,5,Yes,8,2,Android,4,1000,5,480X854,480,854,4.5,Yes,Yes,3450
Yes,Yes,2000,2000,Yes,Intex,890,2,Yes,8,2,Android,4,1000,5,480X854,480,854,5,Yes,Yes,4099
Yes,Yes,2500,2500,Yes,Micromax,891,5,Yes,16,2,Android,4,2000,8,720X1280,720,1280,5,Yes,Yes,3690
Yes,Yes,3000,3000,Yes,Asus,893,12,Yes,32,1,Android,4,4000,16,1080X1920,1080,1920,5.5,Yes,Yes,6449
Yes,Yes,2500,2500,Yes,Xolo,894,5,Yes,16,2,Android,4,2000,8,720X1280,720,1280,5,Yes,Yes,6888
Yes,Yes,3000,3000,Yes,LG,895,5,Yes,64,1,Android,8,4000,13,1080X2160,1080,2160,5.5,Yes,Yes,9999
Yes,Yes,2450,2000,Yes,Intex,896,5,Yes,16,2,Android,4,2000,8,720X1280,720,1280,5,Yes,Yes,3980
Yes,Yes,3000,3000,Yes,Nubia,897,5,Yes,32,2,Android,8,3000,13,720X1280,720,1280,5.5,Yes,Yes,8999
Yes,Yes,3300,3000,Yes,Samsung,898,13,Yes,32,2,Android,8,4000,13,1080X1920,1080,1920,5.7,Yes,Yes,11046
No,Yes,3600,3500,Yes,Samsung,899,13,Yes,64,2,Android,8,3000,13,1080X1920,1080,1920,5.5,Yes,Yes,16900
Yes,Yes,2800,2500,Yes,Lyf,900,5,Yes,16,2,Android,8,3000,13,1080X1920,1080,1920,5.5,Yes,Yes,4990
Yes,Yes,4000,4000,Yes,Panasonic,901,5,Yes,16,2,Android,4,3000,13,720X1280,720,1280,5.5,Yes,Yes,5831
Yes,Yes,2500,2500,Yes,Ziox,902,5,Yes,8,1,Android,4,1000,5,480X854,480,854,5,No,Yes,3499
Yes,Yes,2000,2000,Yes,Lava,903,5,Yes,8,2,Android,4,1000,5,480X800,480,800,4.5,Yes,Yes,4900
Yes,Yes,4000,4000,Yes,Karbonn,904,5,Yes,8,2,Android,4,1000,5,720X1280,720,1280,5,Yes,Yes,3399
Yes,Yes,2000,2000,Yes,Itel,905,2,Yes,8,2,Android,4,1000,5,480X854,480,854,4.5,Yes,Yes,3860
Yes,Yes,2400,2000,Yes,Itel,906,5,Yes,16,2,Android,4,2000,5,480X854,480,854,5,Yes,Yes,6506
Yes,Yes,4000,4000,Yes,Motorola,907,2,Yes,16,2,Android,4,2000,8,720X1280,720,1280,5,Yes,Yes,6190
Yes,Yes,4000,4000,Yes,Panasonic,909,2,No,16,2,Android,4,2000,8,720X1280,720,1280,5,Yes,Yes,6499
Yes,Yes,4000,4000,Yes,Panasonic,910,5,No,16,2,Android,4,3000,13,720X1280,720,1280,5,Yes,Yes,7999
Yes,Yes,2150,2000,Yes,Karbonn,911,5,Yes,8,2,Android,4,1000,8,720X1280,720,1280,5,Yes,Yes,6326
No,Yes,2100,2000,Yes,Intex,912,5,Yes,16,2,Android,4,2000,13,720X1280,720,1280,5,Yes,Yes,7490
Yes,Yes,3000,3000,Yes,Asus,913,5,Yes,16,2,Android,4,2000,13,720X1280,720,1280,5.5,Yes,Yes,6110
Yes,Yes,4000,4000,Yes,Ziox,914,5,No,8,2,Android,4,1000,5,720X1280,720,1280,5,Yes,Yes,4399
No,Yes,1750,1500,Yes,Intex,916,2,Yes,8,2,Android,4,1000,5,480X800,480,800,4,Yes,Yes,4625
Yes,Yes,2100,2000,Yes,Zopo,917,2,Yes,16,2,Android,4,1000,5,480X854,480,854,5,Yes,Yes,3389
Yes,Yes,2450,2000,Yes,Videocon,918,5,Yes,16,2,Android,4,2000,8,480X854,480,854,5,Yes,Yes,2999
Yes,Yes,2500,2500,Yes,Zen,919,5,Yes,16,2,Android,4,1000,5,720X1280,720,1280,5,Yes,Yes,5599
Yes,Yes,5000,5000,Yes,Motorola,920,5,Yes,32,2,Android,4,3000,13,720X1280,720,1280,5.5,Yes,Yes,9999
No,Yes,3000,3000,Yes,Ziox,921,5,Yes,16,2,Android,4,1000,5,480X854,480,854,5,Yes,Yes,3499
Yes,Yes,2100,2000,Yes,Honor,923,2,Yes,8,2,Android,4,1000,5,480X854,480,854,4.5,Yes,Yes,5499
Yes,Yes,4000,4000,Yes,Tecno,924,8,Yes,32,2,Android,4,3000,13,720X1280,720,1280,5.5,Yes,Yes,6789
Yes,Yes,3050,3000,Yes,Tecno,925,8,Yes,16,2,Android,4,3000,8,720X1280,720,1280,5,Yes,Yes,9993
Yes,Yes,4000,4000,Yes,Tecno,926,8,Yes,16,2,Android,4,2000,13,720X1280,720,1280,5.5,Yes,Yes,6629
Yes,Yes,3050,3000,Yes,Tecno,927,8,Yes,16,2,Android,4,2000,8,720X1280,720,1280,5,Yes,Yes,7142
Yes,Yes,3000,3000,Yes,Videocon,928,2,Yes,8,2,Android,4,1000,5,480X854,480,854,5,Yes,Yes,5599
Yes,No,2350,2000,Yes,Motorola,929,2,Yes,8,2,Android,4,1000,5,480X854,480,854,5,Yes,Yes,5499
Yes,Yes,2800,2500,Yes,Motorola,930,5,Yes,16,2,Android,4,2000,8,720X1280,720,1280,5,Yes,Yes,8499
Yes,Yes,4000,4000,Yes,Micromax,931,5,No,32,1,Android,8,3000,13,1080X1920,1080,1920,5.5,Yes,Yes,4960
No,No,2500,2500,Yes,Zopo,932,5,Yes,16,2,Android,4,3000,8,720X1280,720,1280,5.5,Yes,Yes,3980
Yes,Yes,2450,2000,Yes,Ziox,934,2,Yes,8,2,Android,4,1000,5,480X854,480,854,5,Yes,Yes,3699
Yes,Yes,2200,2000,Yes,Intex,935,8,Yes,16,2,Android,4,2000,8,720X1280,720,1280,5,Yes,Yes,6100
No,Yes,1300,1000,Yes,Micromax,937,0.3,Yes,4,2,Android,4,512,2,480X800,480,800,4,Yes,Yes,2359
Yes,Yes,2000,2000,Yes,Swipe,938,1.3,Yes,4,2,Android,4,512,5,480X800,480,800,4,Yes,Yes,1999
Yes,Yes,2400,2000,Yes,Itel,939,2,Yes,8,2,Android,4,1000,5,480X854,480,854,5,No,Yes,4880
Yes,Yes,4000,4000,Yes,Panasonic,940,5,Yes,32,2,Android,4,3000,13,720X1280,720,1280,5.5,Yes,Yes,5930
Yes,Yes,3000,3000,Yes,Panasonic,941,8,Yes,32,2,Android,8,4000,16,1080X1920,1080,1920,5.2,Yes,Yes,11499
No,Yes,1450,1000,Yes,Intex,942,1.3,No,4,2,Android,4,512,5,480X800,480,800,4,Yes,Yes,3935
No,No,1800,1500,Yes,Micromax,943,2,Yes,8,2,Android,4,1000,5,480X854,480,854,4.5,Yes,Yes,4999
Yes,Yes,2000,2000,Yes,Zen,944,2,No,8,2,Android,4,1000,5,720X1280,720,1280,5,Yes,Yes,4790
Yes,Yes,5000,5000,Yes,Nubia,945,16,Yes,64,2,Android,8,4000,13,1080X1920,1080,1920,5.5,Yes,Yes,9049
Yes,Yes,3000,3000,Yes,Nubia,946,16,Yes,64,2,Android,8,3000,13,720X1280,720,1280,5.5,Yes,Yes,7160
Yes,Yes,2000,2000,Yes,Karbonn,947,2,Yes,8,1,Android,4,1000,5,480X854,480,854,5,Yes,Yes,5668
Yes,Yes,2600,2500,Yes,Intex,948,2,Yes,8,2,Android,4,1000,5,480X854,480,854,5,Yes,Yes,3999
No,No,2000,2000,Yes,Lenovo,949,2,Yes,8,2,Android,4,1000,5,480X854,480,854,4.5,Yes,Yes,6450
Yes,Yes,4070,4000,Yes,LeEco,950,8,Yes,32,2,Android,4,4000,16,1080X1920,1080,1920,5.5,Yes,Yes,10990
Yes,Yes,3000,3000,Yes,iVoomi,951,5,Yes,8,2,Android,4,1000,5,1440X2560,1440,2560,5,Yes,Yes,3900
Yes,Yes,2500,2500,Yes,Swipe,952,8,Yes,32,2,Android,4,3000,13,720X1280,720,1280,5,Yes,Yes,4400
No,Yes,2000,2000,Yes,Intex,953,2,Yes,8,2,Android,4,1000,5,480X854,480,854,5,Yes,Yes,3690
Yes,Yes,3000,3000,Yes,Nubia,954,5,Yes,16,2,Android,4,2000,8,720X1280,720,1280,5.5,Yes,Yes,5999
No,No,2800,2500,Yes,ZTE,955,5,Yes,16,2,Android,8,2000,13,720X1280,720,1280,5,Yes,Yes,5200
Yes,Yes,2800,2500,Yes,Alcatel,956,5,Yes,16,2,Android,8,3000,13,720X1280,720,1280,5.2,Yes,Yes,15026
Yes,Yes,2500,2500,Yes,Swipe,958,5,Yes,16,2,Android,4,2000,8,720X1280,720,1280,5,Yes,Yes,5999
Yes,Yes,3000,3000,Yes,Nokia,959,8,Yes,16,2,Android,8,2000,13,720X1280,720,1280,5.2,Yes,Yes,8999
Yes,Yes,1800,1500,Yes,Swipe,960,1.3,No,16,2,Android,4,1000,5,480X854,480,854,4,Yes,Yes,2690
Yes,Yes,2600,2500,Yes,Asus,961,5,Yes,16,2,Android,4,2000,13,720X1280,720,1280,5,Yes,Yes,4999
Yes,Yes,2000,2000,Yes,Intex,962,2,Yes,8,2,Android,4,1000,5,480X854,480,854,5,Yes,Yes,4400
Yes,Yes,1500,1500,Yes,Intex,963,0.3,Yes,4,2,Android,4,512,2,360X640,360,640,4,Yes,Yes,4095
Yes,Yes,2000,2000,Yes,Intex,964,5,Yes,8,2,Android,4,1000,5,720X1280,720,1280,4.7,Yes,Yes,4050
Yes,Yes,4000,4000,Yes,Swipe,965,5,Yes,16,2,Android,4,2000,8,720X1280,720,1280,5.5,Yes,Yes,4499
Yes,Yes,2500,2500,Yes,Lava,966,5,Yes,8,2,Android,4,2000,8,720X1280,720,1280,5,Yes,Yes,5599
Yes,Yes,2500,2500,Yes,Intex,967,5,Yes,8,2,Android,4,1000,8,720X1280,720,1280,5,Yes,Yes,6199
No,No,2500,2500,Yes,Swipe,971,2,Yes,8,2,Android,4,1000,5,480X854,480,854,5,Yes,Yes,2999
Yes,Yes,2500,2500,Yes,Xolo,972,5,Yes,16,2,Android,4,2000,8,720X1280,720,1280,5,Yes,Yes,6099
No,Yes,3000,3000,Yes,Lyf,973,5,Yes,16,2,Android,8,2000,13,720X1280,720,1280,5.5,Yes,No,7000
Yes,Yes,3000,3000,Yes,Lyf,974,5,Yes,32,2,Android,8,3000,16,1080X1920,1080,1920,5.2,Yes,Yes,7599
Yes,Yes,2800,2500,Yes,Karbonn,975,3.2,Yes,8,2,Android,4,1000,5,720X1280,720,1280,5.5,Yes,Yes,5900
Yes,Yes,2250,2000,Yes,Lyf,976,5,Yes,16,2,Android,4,2000,8,720X1280,720,1280,5,Yes,Yes,6099
Yes,Yes,3200,3000,Yes,LG,977,8,Yes,16,1,Android,8,3000,13,720X1280,720,1280,5.7,Yes,Yes,6999
Yes,Yes,2500,2500,Yes,LG,978,5,Yes,16,2,Android,4,2000,13,720X1280,720,1280,5,Yes,Yes,7450
Yes,Yes,2700,2500,Yes,Zen,980,5,Yes,8,2,Android,4,1000,8,720X1280,720,1280,5.5,Yes,Yes,3899
No,No,1850,1500,Yes,Lava,981,5,Yes,8,2,Android,4,1000,5,480X800,480,800,4.5,Yes,Yes,5599
Yes,Yes,3000,3000,Yes,Swipe,982,8,Yes,32,2,Android,8,4000,13,1080X1920,1080,1920,5.5,Yes,Yes,12999
Yes,Yes,2600,2500,No,Panasonic,983,5,Yes,16,2,Android,4,2000,13,720X1280,720,1280,5.3,Yes,Yes,8000
Yes,Yes,2000,2000,Yes,Swipe,984,1.3,Yes,8,2,Android,4,1000,5,480X800,480,800,4,Yes,Yes,3999
No,No,2300,2000,No,Gionee,985,5,Yes,16,2,Android,4,2000,8,720X1280,720,1280,5,Yes,Yes,7499
Yes,Yes,1800,1500,Yes,Micromax,986,2,Yes,8,2,Android,4,1000,5,480X854,480,854,4.5,Yes,Yes,4950
Yes,Yes,1600,1500,Yes,Micromax,987,2,Yes,8,2,Android,4,1000,5,480X800,480,800,4,Yes,Yes,4499
No,Yes,4000,4000,Yes,Meizu,988,5,Yes,16,2,Android,8,3000,13,1080X1920,1080,1920,5.5,Yes,Yes,5490
Yes,Yes,2800,2500,Yes,Lyf,989,5,Yes,16,2,Android,8,2000,13,1080X1920,1080,1920,5.5,Yes,Yes,5550
No,Yes,2800,2500,Yes,Lava,990,5,No,32,2,Android,4,2000,8,720X1280,720,1280,5.5,Yes,Yes,4999
No,Yes,3400,3000,Yes,Meizu,991,5,Yes,64,2,Android,8,4000,12,1440X2560,1440,2560,5.7,Yes,Yes,27600
Yes,Yes,3000,3000,Yes,Panasonic,992,5,Yes,32,2,Android,8,3000,13,720X1280,720,1280,5.5,Yes,Yes,13990
Yes,Yes,3200,3000,Yes,HTC,993,8,Yes,32,1,Android,8,3000,16,1440X2560,1440,2560,5.5,Yes,Yes,11100
Yes,Yes,2250,2000,Yes,Lyf,994,5,Yes,8,2,Android,4,1000,8,720X1280,720,1280,5,Yes,Yes,5099
No,Yes,2000,2000,Yes,Panasonic,995,2,Yes,16,2,Android,4,1000,8,720X1280,720,1280,5,Yes,Yes,6998
Yes,Yes,2300,2000,Yes,Zopo,996,5,Yes,16,2,Android,4,2000,8,720X1280,720,1280,5.5,Yes,Yes,4598
Yes,Yes,3050,3000,Yes,Motorola,997,8,Yes,32,2,Android,8,3000,16,1080X1920,1080,1920,5.5,Yes,Yes,7499
Yes,Yes,2000,2000,Yes,Lyf,998,5,Yes,8,2,Android,4,1000,8,480X854,480,854,4.5,Yes,Yes,3499
Yes,No,2900,2500,Yes,Zen,1001,3.2,Yes,8,2,Android,4,1000,5,480X854,480,854,5.5,Yes,Yes,3739
Yes,Yes,2500,2500,Yes,Swipe,1002,2,Yes,8,2,Android,4,1000,5,480X854,480,854,5,Yes,Yes,4999
Yes,Yes,3300,3000,Yes,Samsung,1003,8,Yes,16,2,Android,8,3000,13,1080X1920,1080,1920,5.5,Yes,Yes,11200
No,No,2350,2000,Yes,Xolo,1004,5,Yes,8,2,Android,4,1000,5,720X1280,720,1280,5,Yes,Yes,4099
Yes,Yes,2100,2000,Yes,Zopo,1005,5,Yes,16,2,Android,4,2000,8,720X1280,720,1280,5,Yes,Yes,4289
Yes,Yes,3650,3500,Yes,Intex,1006,5,Yes,16,2,Android,4,2000,8,720X1280,720,1280,5.5,Yes,Yes,6772
Yes,No,1650,1500,Yes,Intex,1007,0.3,Yes,8,2,Android,4,1000,5,480X854,480,854,4.5,Yes,Yes,2699
Yes,Yes,2500,2500,Yes,Intex,1008,5,Yes,8,2,Android,4,1000,5,720X1280,720,1280,5,Yes,Yes,5429
Yes,Yes,2800,2500,Yes,Intex,1009,5,Yes,8,2,Android,4,1000,5,720X1280,720,1280,5.5,Yes,Yes,5849
Yes,No,2450,2000,Yes,Intex,1010,5,Yes,8,2,Android,4,1000,5,480X854,480,854,5,Yes,Yes,3999
No,Yes,3000,3000,Yes,Honor,1011,8,Yes,16,1,Android,8,2000,13,1080X1920,1080,1920,5.2,Yes,Yes,16699
No,No,3100,3000,Yes,Honor,1012,8,Yes,16,1,Android,8,2000,13,720X1280,720,1280,5.5,Yes,Yes,5999
Yes,Yes,3000,3000,Yes,BlackBerry,1013,8,Yes,32,1,Android,4,4000,21,1440X2560,1440,2560,5.5,Yes,Yes,16999
Yes,Yes,4000,4000,Yes,Lyf,1015,2,Yes,16,2,Android,4,2000,8,720X1820,720,1820,5,Yes,Yes,6498
No,Yes,1800,1500,Yes,Lyf,1016,0.3,Yes,8,2,Android,4,1000,5,480X800,480,800,4,Yes,Yes,3579
Yes,No,2900,2500,Yes,Zen,1017,2,Yes,8,2,Android,4,1000,5,854X480,854,480,5.5,Yes,Yes,2999
Yes,Yes,2800,2500,Yes,Intex,1018,2,Yes,16,2,Android,4,2000,5,480X854,480,854,5,Yes,Yes,5949
No,No,2730,2500,Yes,Vivo,1019,5,Yes,16,1,Android,8,2000,8,1280X720,1280,720,5.2,Yes,Yes,10450
Yes,Yes,2770,2500,Yes,Google,1020,8,Yes,32,1,Android,4,4000,12,1080X1920,1080,1920,5,Yes,Yes,22299
No,No,3100,3000,Yes,Gionee,1023,5,Yes,32,2,Android,8,3000,13,720X1080,720,1080,5.5,Yes,Yes,5999
Yes,Yes,4010,4000,Yes,Coolpad,1024,8,Yes,32,2,Android,8,4000,13,1080X1920,1080,1920,5.5,Yes,Yes,12050
Yes,Yes,2350,2000,Yes,Lava,1025,5,Yes,8,2,Android,4,1000,5,480X854,480,854,5,Yes,Yes,5500
Yes,Yes,3300,3000,Yes,Samsung,1026,5,Yes,16,2,Android,8,3000,13,1080X1920,1080,1920,5.5,Yes,Yes,7999
Yes,Yes,2000,2000,Yes,Micromax,1027,5,Yes,16,2,Android,4,2000,8,720X1280,720,1280,5,Yes,Yes,4299
No,Yes,2000,2000,Yes,Panasonic,1028,2,Yes,8,2,Android,4,1000,8,720X1280,720,1280,5,Yes,Yes,6990
Yes,Yes,2600,2500,Yes,Lava,1030,5,Yes,8,2,Android,4,1000,8,720X1280,720,1280,5.5,Yes,Yes,6400
Yes,No,1400,1000,Yes,Micromax,1031,0.3,Yes,8,2,Android,4,1000,5,480X800,480,800,4,Yes,Yes,3195
Yes,Yes,2700,2500,Yes,HTC,1032,5,Yes,32,2,Android,4,2000,13,720X1280,720,1280,5.5,Yes,Yes,16000
Yes,Yes,2400,2000,Yes,Samsung,1033,5,Yes,16,2,Android,4,2000,13,720X1280,720,1280,5,Yes,Yes,12499
Yes,Yes,3000,3000,Yes,Videocon,1034,5,Yes,32,2,Android,4,3000,13,720X1280,720,1280,5,Yes,Yes,8250
Yes,No,2300,2000,Yes,Zopo,1035,2,Yes,16,2,Android,4,1000,8,720X1280,720,1280,5.5,Yes,Yes,4333
Yes,Yes,2900,2500,Yes,Lenovo,1036,2,Yes,16,2,Android,4,2000,8,720X1280,720,1280,5.5,Yes,Yes,6990
Yes,Yes,2300,2000,Yes,Lenovo,1037,2,Yes,16,2,Android,4,2000,8,720X1280,720,1280,5,Yes,Yes,7300
Yes,Yes,2300,2000,Yes,Lenovo,1038,2,Yes,16,2,Android,4,1000,8,720X1280,720,1280,5,Yes,Yes,7450
Yes,No,2000,2000,Yes,Zen,1039,1.3,Yes,8,2,Android,4,512,5,480X854,480,854,4.5,Yes,Yes,2799
Yes,Yes,2500,2500,Yes,Xolo,1041,5,Yes,8,2,Android,4,1000,8,1280X720,1280,720,5,Yes,Yes,5149
Yes,No,2200,2000,Yes,Intex,1042,2,Yes,8,2,Android,4,2000,5,480X854,480,854,5,Yes,Yes,2999
Yes,Yes,2000,2000,Yes,Intex,1043,0.3,Yes,8,2,Android,4,1000,5,480X854,480,854,4.5,Yes,Yes,2700
Yes,Yes,2300,2000,Yes,Lyf,1044,5,Yes,16,2,Android,8,3000,13,720X1280,720,1280,5,Yes,Yes,4060
Yes,Yes,2000,2000,Yes,Vivo,1045,2,Yes,16,2,Android,4,1000,5,480X854,480,854,4.5,Yes,Yes,7100
No,Yes,2600,2500,Yes,InFocus,1047,8,No,16,2,Android,4,3000,13,1280X720,1280,720,5.5,Yes,Yes,6499
Yes,Yes,3000,3000,Yes,Yu,1049,5,Yes,16,2,Android,4,3000,13,1080X1920,1080,1920,5.2,Yes,Yes,7000
Yes,Yes,2000,2000,No,Yu,1050,2,Yes,8,2,Android,4,2000,8,720X1280,720,1280,4.7,Yes,Yes,6199
Yes,No,2000,2000,Yes,Celkon,1051,3.2,Yes,8,2,Android,4,1000,5,480X854,480,854,5,Yes,Yes,3999
Yes,Yes,1400,1000,Yes,Intex,1052,0.3,Yes,4,1,Android,4,512,2,480X800,480,800,4,No,Yes,3990
No,No,2000,2000,Yes,Intex,1053,0.3,No,4,1,Android,4,512,5,480X800,480,800,4,No,Yes,4999
Yes,Yes,2250,2000,Yes,Lyf,1054,5,Yes,16,2,Android,4,2000,8,720X1280,720,1280,5,Yes,Yes,7499
Yes,Yes,1750,1500,Yes,Lyf,1055,2,Yes,8,2,Android,4,1000,5,480X800,480,800,4,Yes,Yes,2499
Yes,Yes,3400,3000,Yes,Intex,1056,5,Yes,16,2,Android,4,2000,13,720X1280,720,1280,5.5,Yes,Yes,6999
Yes,Yes,2070,2000,Yes,Asus,1057,2,Yes,8,2,Android,4,1000,8,480X854,480,854,4.5,Yes,Yes,4499
Yes,Yes,2000,2000,Yes,Lyf,1058,5,Yes,8,2,Android,4,1000,8,480X854,480,854,4.5,Yes,Yes,2545
Yes,Yes,2920,2500,Yes,Lyf,1059,2,Yes,16,2,Android,4,2000,8,720X1280,720,1280,5.5,Yes,Yes,4999
Yes,Yes,2500,2500,Yes,Micromax,1060,5,Yes,16,2,Android,4,2000,8,720X1280,720,1280,5,Yes,Yes,7998
Yes,No,3000,3000,Yes,Swipe,1061,5,Yes,16,2,Android,4,2000,13,720X1280,720,1280,5,Yes,Yes,2990
Yes,Yes,4000,4000,Yes,Lava,1062,2,Yes,8,2,Android,4,1000,8,720X1280,720,1280,5,Yes,Yes,6199
Yes,Yes,2850,2500,Yes,Lyf,1063,2,Yes,16,2,Android,4,2000,8,720X1280,720,1280,6,Yes,Yes,4995
Yes,Yes,3500,3500,Yes,Lenovo,1065,8,Yes,32,2,Android,8,3000,13,1080X1920,1080,1920,5.5,Yes,Yes,7990
Yes,Yes,2450,2000,Yes,Panasonic,1066,5,Yes,32,2,Android,4,3000,8,720X1280,720,1280,5,Yes,Yes,5599
Yes,No,2400,2000,Yes,Panasonic,1067,0.3,No,8,2,Android,4,512,2,800X480,800,480,4,Yes,Yes,2190
Yes,No,2200,2000,Yes,Intex,1068,5,Yes,16,1,Android,4,2000,8,1280X720,1280,720,5,Yes,Yes,6499
Yes,Yes,2600,2500,Yes,Lyf,1069,5,Yes,16,2,Android,8,3000,13,720X1280,720,1280,5,Yes,Yes,7900
Yes,No,2000,2000,Yes,Karbonn,1070,3.2,No,8,2,Android,4,1000,8,1280X720,1280,720,5,No,Yes,3279
Yes,Yes,2600,2500,Yes,Samsung,1071,5,Yes,16,2,Android,4,2000,8,720X1280,720,1280,5,Yes,Yes,10480
Yes,Yes,2600,2500,Yes,InFocus,1072,13,Yes,16,2,Android,8,3000,13,1080X1920,1080,1920,5.5,Yes,Yes,6000
Yes,No,2450,2000,Yes,Intex,1073,5,Yes,8,2,Android,4,1000,5,720X1280,720,1280,5,Yes,Yes,4997
Yes,No,1750,1500,Yes,Lava,1075,0.3,Yes,8,2,Android,4,1000,5,480X800,480,800,4.5,Yes,Yes,6999
Yes,No,2000,2000,Yes,Intex,1076,0.3,Yes,8,2,Android,4,512,5,480X854,480,854,4.5,Yes,Yes,2488
Yes,No,2800,2500,Yes,Intex,1077,2,Yes,8,2,Android,4,1000,5,480X854,480,854,5,Yes,Yes,3887
Yes,Yes,2350,2000,Yes,Lava,1078,5,Yes,8,2,Android,4,1000,8,720X1280,720,1280,5,Yes,Yes,6600
Yes,Yes,4100,4000,Yes,Asus,1080,5,Yes,16,2,Android,4,2000,13,720X1280,720,1280,5.2,Yes,Yes,13990
Yes,Yes,3000,3000,Yes,Samsung,1082,5,Yes,16,2,Android,4,2000,13,720X1280,720,1280,5.5,Yes,Yes,5990
Yes,Yes,2600,2500,Yes,Samsung,1083,5,Yes,16,2,Android,4,2000,8,720X1280,720,1280,5,Yes,Yes,6480
Yes,Yes,2600,2500,Yes,Samsung,1084,5,Yes,8,1,Android,4,1000,8,720X1280,720,1280,5,Yes,Yes,5990
Yes,Yes,3800,3500,Yes,Intex,1085,2,Yes,8,2,Android,4,1000,8,720X1280,720,1280,5,Yes,Yes,4995
Yes,Yes,5000,5000,Yes,Nubia,1086,13,Yes,32,2,Android,8,3000,13,1080X1920,1080,1920,5.5,Yes,Yes,11999
Yes,Yes,3000,3000,Yes,Panasonic,1087,5,Yes,32,2,Android,8,3000,16,1080X1920,1080,1920,5.5,Yes,Yes,10990
Yes,No,2200,2000,Yes,Karbonn,1089,0.3,Yes,4,2,Android,4,512,2,480X800,480,800,4,Yes,Yes,1999
Yes,Yes,3000,3000,Yes,Vivo,1090,16,Yes,64,2,Android,8,4000,13,1080X1920,1080,1920,5.2,Yes,Yes,9999
Yes,Yes,2300,2000,Yes,iBall,1091,2,Yes,8,2,Android,4,1000,5,480X854,480,854,5,Yes,Yes,4890
Yes,Yes,3000,3000,Yes,Nubia,1092,8,Yes,64,2,Android,4,6000,16,1080X1920,1080,1920,5.5,Yes,Yes,20999
Yes,Yes,2500,2500,Yes,Lyf,1093,13,Yes,32,2,Android,8,3000,13,1080X1920,1080,1920,5,Yes,Yes,6990
Yes,No,2100,2000,Yes,Intex,1094,0.3,Yes,8,2,Android,4,1000,5,480X854,480,854,5,Yes,Yes,4790
Yes,No,2500,2500,Yes,Micromax,1095,5,Yes,16,2,Android,4,1000,8,720X1280,720,1280,5.5,Yes,Yes,7389
Yes,Yes,2630,2500,Yes,Oppo,1096,5,Yes,16,2,Android,4,2000,8,720X1280,720,1280,5,Yes,Yes,8666
Yes,No,2500,2500,Yes,Intex,1097,0.3,Yes,8,2,Android,4,512,2,480X854,480,854,5,Yes,Yes,2658
Yes,No,5000,5000,Yes,Panasonic,1098,5,Yes,8,2,Android,4,1000,8,720X1280,720,1280,5,Yes,Yes,5499
Yes,Yes,4100,4000,Yes,Xiaomi,1099,5,Yes,16,2,Android,8,2000,13,720X1280,720,1280,5,Yes,Yes,6500
Yes,Yes,2200,2000,Yes,Intex,1100,5,Yes,16,2,Android,4,2000,8,720X1280,720,1280,5,Yes,Yes,4899
Yes,Yes,2300,2000,Yes,Lyf,1102,5,Yes,8,2,Android,4,1000,8,720X1280,720,1280,5,Yes,Yes,7000
Yes,No,2400,2000,Yes,Panasonic,1103,2,Yes,8,2,Android,4,1000,5,480X800,480,800,4,Yes,Yes,3590
Yes,No,1400,1000,Yes,Panasonic,1104,2,Yes,4,2,Android,4,512,5,480X800,480,800,4,Yes,Yes,2488
Yes,Yes,4050,4000,Yes,Lenovo,1105,5,Yes,32,1,Android,4,3000,13,720X1280,720,1280,6.4,Yes,Yes,8999
Yes,Yes,4050,4000,Yes,Lenovo,1106,8,Yes,64,1,Android,8,4000,16,1440X2560,1440,2560,6.4,Yes,Yes,22999
Yes,Yes,2700,2500,Yes,Lava,1107,5,Yes,16,2,Android,4,3000,13,720X1280,720,1280,5,Yes,Yes,4999
Yes,Yes,2000,2000,Yes,Lyf,1108,5,Yes,8,2,Android,4,1000,8,720X1280,720,1280,5,Yes,Yes,8399
Yes,Yes,2500,2500,Yes,Lava,1109,5,Yes,8,2,Android,4,2000,8,720X1280,720,1280,5,Yes,Yes,9700
Yes,Yes,1800,1500,Yes,Intex,1110,2,Yes,8,2,Android,4,1000,5,480X584,480,584,4.5,Yes,Yes,4499
Yes,Yes,2600,2500,Yes,Samsung,1111,5,Yes,16,2,Android,4,2000,8,720X1280,720,1280,5,Yes,Yes,8299
Yes,Yes,1750,1500,Yes,Lyf,1112,2,No,4,2,Android,4,512,2,480X800,480,800,4,Yes,Yes,1999
Yes,Yes,3050,3000,Yes,Swipe,1113,8,Yes,16,2,Android,8,2000,13,1080X1920,1080,1920,5,Yes,Yes,2999
Yes,No,2000,2000,Yes,Lava,1114,2,Yes,8,2,Android,4,1000,5,480X854,480,854,5,Yes,Yes,8999
Yes,Yes,3000,3000,Yes,Intex,1115,5,Yes,16,2,Android,4,2000,8,720X1280,720,1280,5,Yes,Yes,4500
Yes,Yes,3000,3000,Yes,LG,1116,8,Yes,16,1,Android,8,3000,16,1080X1920,1080,1920,5.7,Yes,Yes,8999
Yes,Yes,4100,4000,Yes,LG,1117,5,Yes,16,2,Android,4,2000,13,720X1280,720,1280,5.3,Yes,Yes,6999
Yes,Yes,1400,1000,Yes,Lyf,1118,0.3,No,8,2,Android,4,512,2,480X800,480,800,4,Yes,Yes,4199
Yes,No,1800,1500,Yes,Zen,1119,2,Yes,8,2,Android,4,1000,5,480X854,480,854,4.5,Yes,Yes,2639
Yes,No,1750,1500,Yes,Lava,1120,0.3,No,4,2,Android,4,512,5,480X800,480,800,4.5,Yes,Yes,4199
Yes,No,1300,1000,Yes,Lava,1121,0.3,No,4,2,Android,4,512,2,480X800,480,800,4,Yes,Yes,2399
Yes,Yes,4000,4000,Yes,Panasonic,1122,5,Yes,16,2,Android,4,3000,8,720X1280,720,1280,5,Yes,Yes,5430
Yes,No,2200,2000,Yes,Lava,1123,2,Yes,8,2,Android,4,1000,5,480X800,480,800,5.5,Yes,Yes,4200
Yes,No,2500,2500,Yes,Micromax,1124,8,Yes,8,2,Android,4,1000,8,720X1280,720,1280,5,Yes,Yes,5970
Yes,Yes,1750,1500,Yes,Micromax,1125,5,Yes,8,2,Android,4,1000,5,480X854,480,854,4.5,Yes,Yes,4299
Yes,Yes,2200,2000,Yes,Intex,1126,5,Yes,8,2,Android,4,1000,8,720X1280,720,1280,5,Yes,Yes,4999
Yes,Yes,1900,1500,Yes,Intex,1127,2,Yes,8,2,Android,4,1000,5,480X854,480,854,4.5,Yes,Yes,4866
Yes,Yes,2800,2500,Yes,Motorola,1128,5,Yes,16,2,Android,4,2000,8,720X1280,720,1280,5,Yes,Yes,6990
Yes,Yes,2300,2000,Yes,Lenovo,1130,2,Yes,8,1,Android,4,1000,5,720X1280,720,1280,5,Yes,Yes,4500
Yes,Yes,2200,2000,Yes,HTC,1131,5,Yes,32,2,Android,8,3000,13,720X1280,720,1280,5,Yes,Yes,6498
Yes,Yes,4000,4000,Yes,Lyf,1132,2,Yes,8,2,Android,4,1000,8,720X1280,720,1280,5,Yes,Yes,5999
Yes,Yes,1500,1500,Yes,Lyf,1133,2,Yes,8,2,Android,4,1000,5,480X800,480,800,4,Yes,Yes,3599
Yes,No,2000,2000,Yes,Lava,1134,2,Yes,4,2,Android,4,512,5,480X800,480,800,5,Yes,Yes,3399
Yes,Yes,2000,2000,No,Micromax,1135,2,No,16,2,Android,4,3000,8,720X1280,720,1280,5,Yes,No,4595
Yes,Yes,1800,1500,Yes,Intex,1136,2,No,8,2,Android,4,1000,5,480X854,480,854,4.5,Yes,Yes,3949
Yes,Yes,2800,2500,Yes,HTC,1138,4,No,32,1,Android,8,3000,13,1080X1920,1080,1920,5.5,Yes,Yes,7999
Yes,Yes,3000,3000,Yes,Micromax,1139,5,Yes,8,2,Android,4,1000,8,540X960,540,960,6,Yes,Yes,7530
Yes,No,2000,2000,Yes,iBall,1140,0.3,Yes,4,2,Android,4,512,5,480X854,480,854,5,Yes,Yes,1999
Yes,No,3000,3000,Yes,Honor,1141,8,Yes,16,2,Android,8,2000,13,1080X1920,1080,1920,5.2,Yes,Yes,9999
Yes,Yes,2700,2500,Yes,Panasonic,1142,5,Yes,16,2,Android,4,2000,13,720X1280,720,1280,5.5,Yes,Yes,5549
Yes,Yes,3000,3000,Yes,Swipe,1143,5,Yes,16,2,Android,4,3000,13,720X1280,720,1280,5.5,Yes,Yes,7500
Yes,No,2070,2000,Yes,Asus,1144,0.3,Yes,8,2,Android,4,1000,5,480X854,480,854,4.5,Yes,Yes,3999
Yes,No,1500,1500,Yes,Intex,1145,0.3,Yes,8,2,Android,4,1000,2,480X854,480,854,4.5,Yes,Yes,4750
Yes,Yes,2540,2500,Yes,ZTE,1146,8,Yes,16,2,Android,4,2000,13,720X1280,720,1280,5.5,Yes,Yes,4999
Yes,Yes,3000,3000,Yes,ZTE,1147,8,Yes,32,2,Android,8,3000,16,1080X1920,1080,1920,5.5,Yes,Yes,4500
Yes,Yes,2800,2500,Yes,Nubia,1149,8,Yes,64,2,Android,8,3000,16,1080X1920,1080,1920,5,Yes,Yes,9999
Yes,No,2000,2000,Yes,Gionee,1150,2,Yes,16,2,Android,4,1000,5,720X1280,720,1280,5,Yes,Yes,4800
Yes,Yes,4000,4000,Yes,Yu,1151,5,Yes,16,2,Android,8,3000,13,1080X1920,1080,1920,6,Yes,Yes,6499
Yes,No,3000,3000,Yes,Videocon,1152,2,Yes,8,2,Android,4,1000,5,480X854,480,854,5,Yes,Yes,4006
Yes,Yes,3000,3000,Yes,HTC,1153,5,Yes,32,1,Android,8,3000,12,1440X2560,1440,2560,5.2,Yes,Yes,9751
Yes,Yes,4100,4000,Yes,Meizu,1154,5,No,16,2,Android,8,2000,13,1080X1920,1080,1920,5.5,Yes,Yes,5290
Yes,Yes,2500,2500,Yes,Asus,1156,5,Yes,16,2,Android,4,2000,8,720X1280,720,1280,5,Yes,Yes,4990
Yes,No,1850,1500,Yes,Gionee,1157,2,Yes,8,2,Android,4,1000,5,480X854,480,854,4.5,Yes,Yes,4999
Yes,Yes,5000,5000,Yes,Samsung,1158,8,Yes,32,2,Android,8,4000,16,1080X1920,1080,1920,6,Yes,Yes,19980
Yes,No,1400,1000,Yes,Intex,1159,2,Yes,4,2,Android,4,512,2,480X800,480,800,4,Yes,Yes,2199
Yes,Yes,3300,3000,Yes,Samsung,1160,5,Yes,16,2,Android,8,2000,13,720X1080,720,1080,5.5,Yes,Yes,13450
Yes,Yes,3100,3000,Yes,Samsung,1161,5,Yes,16,2,Android,4,2000,13,720X1280,720,1280,5.2,Yes,Yes,9999
Yes,Yes,2200,2000,Yes,Vivo,1162,5,Yes,16,2,Android,4,1000,8,540X960,540,960,4.7,Yes,Yes,8599
Yes,Yes,2500,2500,Yes,Lava,1164,8,Yes,8,2,Android,4,2000,8,720X1280,720,1280,5,Yes,Yes,4500
Yes,Yes,2200,2000,Yes,Videocon,1165,5,Yes,16,2,Android,4,2000,13,720X1280,720,1280,5,Yes,Yes,6600
Yes,No,2500,2500,Yes,Intex,1167,0.3,Yes,8,2,Android,4,1000,5,480X854,480,854,5,Yes,Yes,3333
Yes,Yes,2300,2000,Yes,InFocus,1170,5,Yes,8,2,Android,4,1000,8,850X480,850,480,4.5,Yes,Yes,4490
Yes,No,1600,1500,Yes,Panasonic,1171,2,Yes,8,2,Android,4,1000,5,480X854,480,854,4.5,Yes,Yes,6760
Yes,No,2200,2000,Yes,Intex,1172,0,Yes,8,2,Android,4,1000,5,480X854,480,854,5,Yes,Yes,3499
Yes,Yes,2250,2000,Yes,Lyf,1176,5,Yes,8,2,Android,4,1000,5,480X854,480,854,5,Yes,Yes,3499
Yes,Yes,2500,2500,Yes,Xolo,1179,5,Yes,8,2,Android,4,2000,8,720X1280,720,1280,5,Yes,Yes,4559
Yes,Yes,2500,2500,Yes,ZTE,1181,8,Yes,16,1,Android,4,2000,8,720X1280,720,1280,5,Yes,Yes,3840
Yes,Yes,2700,2500,Yes,HTC,1184,5,Yes,16,2,Android,4,2000,13,720X1280,720,1280,5.5,Yes,Yes,7890
Yes,Yes,2200,2000,Yes,HTC,1185,5,Yes,16,2,Android,4,2000,13,720X1280,720,1280,5,Yes,Yes,10299
Yes,Yes,2610,2500,Yes,Alcatel,1187,8,Yes,16,1,Android,8,3000,13,1080X1920,1080,1920,5.2,Yes,Yes,16999
Yes,Yes,3000,3000,Yes,Intex,1188,5,Yes,16,2,Android,4,2000,8,720X1280,720,1280,5,Yes,Yes,6849
Yes,No,3000,3000,Yes,Swipe,1189,3.2,Yes,8,2,Android,4,1000,8,480X854,480,854,5,Yes,Yes,4099
Yes,Yes,3000,3000,Yes,LG,1190,8,Yes,16,1,Android,4,1000,13,720X1280,720,1280,5.7,Yes,Yes,7999
Yes,Yes,2200,2000,Yes,Intex,1191,2,Yes,16,2,Android,4,3000,8,720X1280,720,1280,5,Yes,Yes,6800
Yes,No,3000,3000,Yes,Intex,1192,2,Yes,8,2,Android,4,1000,5,720X1280,720,1280,5,Yes,Yes,3099
Yes,Yes,2520,2500,Yes,LG,1194,8,Yes,16,1,Android,8,2000,13,1080X1920,1080,1920,5.2,Yes,Yes,8000
Yes,Yes,2500,2500,Yes,Intex,1195,2,Yes,8,2,Android,4,1000,8,720X1280,720,1280,5,Yes,Yes,2999
Yes,No,1400,1000,Yes,Intex,1196,2,Yes,4,2,Android,4,512,2,480X800,480,800,4,Yes,Yes,2799
Yes,Yes,2500,2500,Yes,Lava,1197,5,Yes,8,2,Android,4,2000,8,720X1280,720,1280,5,Yes,Yes,7980
Yes,Yes,2000,2000,Yes,Lava,1198,2,Yes,4,2,Android,4,512,5,720X1280,720,1280,5,Yes,Yes,4949
Yes,Yes,5000,5000,Yes,Lenovo,1199,5,Yes,32,2,Android,8,3000,13,1080X1920,1080,1920,5.5,Yes,Yes,7679
Yes,Yes,2500,2500,Yes,Lava,1200,2,Yes,8,2,Android,4,1000,5,720X1280,720,1280,5,Yes,Yes,3990
Yes,No,3200,3000,No,Panasonic,1203,5,Yes,16,2,Android,4,2000,8,720X1280,720,1280,5,Yes,Yes,5299
Yes,Yes,2000,2000,Yes,Lyf,1204,5,Yes,8,2,Android,4,1000,5,480X854,480,854,4.5,Yes,Yes,5499
Yes,No,2500,2500,Yes,Lava,1205,5,Yes,8,2,Android,4,2000,8,720X1280,720,1280,5,Yes,Yes,3999
Yes,Yes,2500,2500,Yes,Zopo,1206,5,Yes,16,2,Android,4,2000,13,720X1280,720,1280,5,Yes,Yes,12000
Yes,Yes,2600,2500,Yes,iBall,1207,8,Yes,16,2,Android,4,2000,13,720X1280,720,1280,5.5,Yes,Yes,7599
Yes,No,3000,3000,Yes,Micromax,1208,2,Yes,8,2,Android,4,1000,5,480X854,480,854,5,Yes,Yes,3995
Yes,Yes,2350,2000,Yes,Vivo,1209,5,Yes,16,2,Android,4,2000,8,540X960,540,960,5,Yes,Yes,9099
Yes,Yes,3000,3000,Yes,Lava,1210,8,Yes,16,2,Android,4,3000,13,720X1280,720,1280,5.5,Yes,Yes,8250
Yes,Yes,2400,2000,Yes,Lyf,1211,5,Yes,16,2,Android,8,2000,13,720X1280,720,1280,5,Yes,Yes,7750
Yes,Yes,2600,2500,Yes,Lyf,1212,5,Yes,16,2,Android,8,2000,13,1080X1920,1080,1920,5,Yes,Yes,4800
Yes,Yes,3500,3500,Yes,Lenovo,1213,8,Yes,16,2,Android,8,2000,13,1080X1920,1080,1920,5.5,Yes,Yes,8990
Yes,Yes,2350,2000,Yes,Panasonic,1214,5,Yes,32,2,Android,8,3000,13,720X1280,720,1280,5,Yes,Yes,13988
Yes,No,2500,2500,Yes,Swipe,1215,5,Yes,16,2,Android,4,2000,8,720X1280,720,1280,5,No,Yes,3599
Yes,No,2000,2000,Yes,Lava,1216,2,No,8,2,Android,4,1000,5,480X854,480,854,5,Yes,Yes,3449
Yes,No,1550,1500,Yes,Lava,1218,0.3,Yes,8,2,Android,4,1000,5,480X800,480,800,4,Yes,Yes,5199
Yes,Yes,2000,2000,Yes,Intex,1219,2,Yes,8,2,Android,4,1000,5,480X854,480,854,5,Yes,Yes,4777
Yes,Yes,2900,2500,Yes,Lenovo,1222,5,Yes,16,2,Android,8,2000,13,1080X1920,1080,1920,5.5,Yes,Yes,14000
Yes,No,2300,2000,Yes,Karbonn,1223,1.3,Yes,8,2,Android,4,512,3,480X854,480,854,5,Yes,Yes,4690
Yes,Yes,2580,2500,Yes,Alcatel,1224,5,Yes,16,2,Android,4,1000,8,720X1280,720,1280,6,Yes,Yes,3998
Yes,No,2300,2000,Yes,LG,1226,5,Yes,8,1,Android,4,1000,13,720X1280,720,1280,5.3,Yes,Yes,3994
Yes,No,2000,2000,Yes,Lava,1228,2,Yes,8,2,Android,4,512,5,480X854,480,854,5,Yes,Yes,2899
Yes,No,2000,2000,Yes,Intex,1229,0.3,Yes,8,2,Android,4,1000,2,480X854,480,854,4.5,Yes,Yes,4290
Yes,No,2000,2000,Yes,Karbonn,1230,3.2,Yes,8,2,Android,4,1000,8,540X960,540,960,5,Yes,Yes,8700
Yes,No,2300,2000,Yes,Xolo,1231,5,Yes,8,2,Android,4,1000,8,720X1280,720,1280,5,Yes,Yes,7999
Yes,No,2900,2500,Yes,Zen,1232,2,Yes,8,2,Android,4,1000,5,540X960,540,960,5.5,Yes,Yes,3739
Yes,Yes,2200,2000,Yes,Videocon,1233,5,Yes,8,2,Android,4,1000,13,720X1280,720,1280,5,Yes,Yes,2950
Yes,Yes,2000,2000,Yes,Intex,1234,2,Yes,8,2,Android,4,1000,8,720X1280,720,1280,5,Yes,Yes,4699
Yes,No,2000,2000,Yes,Intex,1235,0.3,Yes,8,2,Android,4,512,2,480X854,480,854,4.5,Yes,Yes,2199
Yes,Yes,2350,2000,Yes,Kult,1236,5,Yes,16,2,Android,4,3000,13,720X1280,720,1280,5,Yes,Yes,4499
Yes,Yes,2100,2000,Yes,Micromax,1237,5,Yes,16,2,Android,8,3000,13,720X1280,720,1280,5,Yes,Yes,4150
Yes,Yes,3100,3000,Yes,Xiaomi,1239,5,Yes,16,2,Android,4,2000,13,720X1280,720,1280,5.5,Yes,Yes,8999
No,No,2200,2000,Yes,iBall,1240,5,Yes,8,2,Android,4,1000,8,720X1280,720,1280,5.5,Yes,Yes,3999
Yes,Yes,2500,2500,Yes,Micromax,1241,5,Yes,16,2,Android,4,3000,13,720X1280,720,1280,5.5,Yes,Yes,4790
Yes,Yes,2000,2000,Yes,Micromax,1242,5,Yes,8,2,Android,4,1000,8,720X1280,720,1280,4.7,Yes,Yes,4990
Yes,No,2000,2000,Yes,Gionee,1243,2,Yes,16,2,Android,8,1000,5,720X1280,720,1280,5,Yes,Yes,6999
Yes,No,2800,2500,Yes,ZTE,1244,8,No,16,2,Android,8,2000,13,720X1280,720,1280,5,Yes,Yes,2900
Yes,Yes,2500,2500,Yes,Panasonic,1245,5,Yes,16,2,Android,8,2000,13,720X1280,720,1280,5.5,Yes,Yes,6990
Yes,Yes,3300,3000,Yes,Samsung,1246,5,Yes,16,1,Android,8,3000,13,1080X1920,1080,1920,5.5,Yes,Yes,9999
Yes,No,2200,2000,Yes,Videocon,1247,5,No,8,2,Android,8,1000,8,720X1280,720,1280,5,Yes,Yes,6390
Yes,No,1600,1500,Yes,Videocon,1248,0.3,No,8,2,Android,4,1000,2,480X854,480,854,4.5,Yes,Yes,2999
Yes,Yes,2500,2500,Yes,Micromax,1249,2,Yes,8,2,Android,4,1000,5,854X480,854,480,5,Yes,Yes,7499
Yes,Yes,2900,2500,Yes,Lava,1250,5,Yes,16,2,Android,4,3000,13,720X1280,720,1280,5,Yes,Yes,12000
Yes,No,4000,4000,Yes,Intex,1251,2,Yes,8,2,Android,4,1000,5,720X1280,720,1280,5,Yes,Yes,4999
Yes,No,2000,2000,Yes,Lava,1252,0.3,Yes,8,2,Android,4,1000,5,480X854,480,854,4.5,Yes,Yes,2999
Yes,Yes,2600,2500,Yes,Samsung,1253,5,Yes,8,1,Android,4,1000,8,720X1280,720,1280,5,Yes,Yes,4999
Yes,Yes,2000,2000,Yes,Micromax,1255,2,Yes,16,2,Android,4,2000,8,720X1280,720,1280,5,Yes,Yes,4050
Yes,Yes,1750,1500,Yes,Micromax,1256,2,Yes,8,2,Android,4,1000,8,480X854,480,854,4.5,Yes,Yes,3799
Yes,Yes,2150,2000,Yes,Intex,1257,2,Yes,16,2,Android,4,3000,8,720X1280,720,1280,5,Yes,Yes,5849
Yes,No,2000,2000,Yes,Intex,1259,0.3,Yes,8,2,Android,4,512,2,480X854,480,854,4.5,Yes,Yes,2199
Yes,Yes,2100,2000,Yes,iBall,1260,3.2,Yes,8,2,Android,4,1000,8,480X854,480,854,5,Yes,Yes,4699
Yes,Yes,3150,3000,Yes,Gionee,1261,5,Yes,16,2,Android,8,3000,13,720X1280,720,1280,5.5,Yes,Yes,6490
Yes,Yes,2600,2500,Yes,InFocus,1262,8,Yes,16,2,Android,4,2000,13,720X1280,720,1280,5.5,Yes,Yes,6990
Yes,Yes,2800,2500,Yes,HTC,1263,4,Yes,16,2,Android,8,2000,13,1080X1920,1080,1920,5.5,Yes,Yes,7999
Yes,No,2800,2500,Yes,HTC,1264,5,Yes,16,2,Android,8,1000,13,720X1280,720,1280,5.5,Yes,Yes,11586
Yes,No,2500,2500,Yes,Intex,1265,0.3,Yes,8,2,Android,4,1000,5,480X854,480,854,5,Yes,Yes,4900
Yes,Yes,2400,2000,Yes,Xolo,1267,5,Yes,32,2,Android,8,3000,13,1080X1920,1080,1920,5,Yes,Yes,9999
Yes,No,2000,2000,Yes,InFocus,1268,2,Yes,8,2,Android,4,1000,5,480X854,480,854,4.5,Yes,Yes,2490
Yes,Yes,2420,2000,Yes,Oppo,1270,5,Yes,16,2,Android,4,1000,8,540X960,540,960,5,Yes,Yes,8200
Yes,Yes,3000,3000,Yes,Samsung,1271,5,Yes,8,2,Android,4,1000,13,720X1280,720,1280,5.5,Yes,Yes,9977
Yes,Yes,2600,2500,Yes,Samsung,1273,5,Yes,8,2,Android,4,1000,8,720X1280,720,1280,5,Yes,Yes,4655
Yes,No,2000,2000,Yes,Lenovo,1274,0.3,Yes,8,2,Android,4,1000,5,480X800,480,800,4,Yes,Yes,3549
Yes,Yes,2300,2000,Yes,Lenovo,1275,5,Yes,16,2,Android,4,2000,13,720X1280,720,1280,5,Yes,Yes,5990
Yes,No,4000,4000,Yes,Lava,1276,2,Yes,8,2,Android,4,2000,8,480X854,480,854,5,Yes,Yes,8700
Yes,No,2000,2000,Yes,Intex,1277,0.3,Yes,8,2,Android,4,1000,5,720X1280,720,1280,5,Yes,Yes,5300
Yes,Yes,2500,2500,Yes,Intex,1278,5,Yes,16,2,Android,4,3000,8,720X1280,720,1280,5,Yes,Yes,9300
Yes,Yes,3000,3000,Yes,Zopo,1279,5,Yes,16,1,Android,8,3000,13,1080X1920,1080,1920,5.5,Yes,Yes,6499
Yes,No,1450,1000,Yes,Micromax,1280,1.3,Yes,4,2,Android,4,512,2,480X800,480,800,4,Yes,Yes,2240
Yes,No,2000,2000,Yes,Micromax,1281,2,Yes,4,2,Android,4,512,5,480X854,480,854,5,Yes,Yes,2999
Yes,No,2910,2500,Yes,Panasonic,1283,2,Yes,8,2,Android,4,1000,8,720X1280,720,1280,5.5,Yes,Yes,8499
Yes,No,2150,2000,Yes,Panasonic,1284,2,Yes,8,2,Android,4,1000,8,720X1280,720,1280,5,Yes,Yes,3899
Yes,Yes,2800,2500,Yes,ZTE,1285,8,Yes,32,1,Android,8,3000,13,1080X1920,1080,1920,5.2,Yes,Yes,5900
Yes,No,1650,1500,Yes,Micromax,1290,2,Yes,4,2,Android,4,512,5,480X854,480,854,4.5,Yes,Yes,2999
Yes,No,2000,2000,Yes,Videocon,1293,2,Yes,8,2,Android,4,1000,5,480X854,480,854,5,Yes,Yes,2799
Yes,No,1900,1500,Yes,Vivo,1294,2,Yes,8,2,Android,4,1000,5,854X480,854,480,4.5,Yes,Yes,4999
Yes,Yes,2260,2000,Yes,Vivo,1296,5,Yes,16,2,Android,4,1000,8,720X1280,720,1280,4.7,Yes,Yes,9001
Yes,Yes,2820,2500,Yes,Micromax,1297,5,Yes,16,2,Android,4,2000,13,720X1280,720,1280,5.5,Yes,Yes,4499
Yes,Yes,2000,2000,Yes,Micromax,1299,2,Yes,8,2,Android,4,1000,5,480X854,480,854,4.5,Yes,Yes,3199
Yes,No,2000,2000,Yes,Gionee,1300,0.3,Yes,16,2,Android,4,1000,5,480X485,480,485,4.5,Yes,Yes,3299
Yes,No,2000,2000,Yes,Micromax,1301,5,Yes,8,2,Android,4,1000,8,720X1280,720,1280,5,Yes,Yes,4970
Yes,No,4000,4000,Yes,Intex,1302,2,Yes,8,2,Android,4,1000,5,720X1280,720,1280,5,Yes,Yes,5990
Yes,No,4000,4000,Yes,Micromax,1303,5,Yes,16,2,Android,4,2000,8,720X1280,720,1280,5.5,Yes,Yes,5990
Yes,No,1850,1500,Yes,Intex,1304,8,Yes,8,2,Android,4,1000,8,720X1280,720,1280,4.7,Yes,Yes,4295
Yes,Yes,2000,2000,Yes,iBall,1305,8,Yes,16,2,Android,4,2000,13,720X1280,720,1280,5,Yes,Yes,3999
Yes,No,4000,4000,Yes,Micromax,1306,2,Yes,8,2,Android,4,2000,8,720X1280,720,1280,5,Yes,Yes,4290
No,Yes,2800,2500,Yes,HTC,1307,5,Yes,16,2,Android,8,2000,13,720X1280,720,1280,5.5,Yes,Yes,5999
Yes,Yes,3900,3500,Yes,Lenovo,1308,5,Yes,16,2,Android,4,2000,8,720X1280,720,1280,5,Yes,Yes,6999
Yes,Yes,1850,1500,Yes,Micromax,1311,2,Yes,8,2,Android,4,1000,5,480X854,480,854,4.5,Yes,Yes,3999
Yes,No,2000,2000,Yes,Intex,1312,2,Yes,8,2,Android,4,512,8,480X854,480,854,5,Yes,Yes,3699
Yes,No,2200,2000,Yes,Videocon,1314,5,Yes,8,2,Android,8,1000,8,720X1280,720,1280,5,Yes,Yes,5499
Yes,Yes,3000,3000,Yes,Intex,1315,2,Yes,8,2,Android,4,1000,5,720X1280,720,1280,5,Yes,Yes,5649
Yes,Yes,2500,2500,Yes,Zopo,1316,5,Yes,16,2,Android,8,3000,13,1080X1920,1080,1920,5,Yes,Yes,3990
Yes,Yes,2910,2500,Yes,Panasonic,1317,8,Yes,32,2,Android,8,2000,13,1080X1920,1080,1920,5.5,Yes,Yes,14990
Yes,No,1500,1500,Yes,Intex,1318,0.3,Yes,4,2,Android,4,512,2,480X800,480,800,4,Yes,Yes,2399
Yes,Yes,2000,2000,Yes,Lenovo,1319,2,Yes,8,2,Android,4,1000,5,480X854,480,854,4.5,Yes,Yes,6000
Yes,Yes,1800,1500,Yes,Panasonic,1321,0.3,Yes,8,2,Android,4,1000,5,480X854,480,854,4.5,Yes,Yes,4650
Yes,Yes,2000,2000,Yes,Panasonic,1322,2,Yes,8,2,Android,4,1000,8,720X1280,720,1280,5,Yes,Yes,5830
Yes,Yes,2500,2500,Yes,Panasonic,1323,2,Yes,8,2,Android,4,1000,8,540X960,540,960,5.5,Yes,Yes,3990
Yes,No,1750,1500,Yes,Lava,1324,0.3,No,8,1,Android,4,512,5,854X480,854,480,4.5,Yes,Yes,4299
Yes,No,2000,2000,Yes,iBall,1325,0.3,Yes,8,2,Android,4,512,8,540X960,540,960,5,Yes,Yes,3499
Yes,No,2000,2000,Yes,Intex,1326,0.3,Yes,8,2,Android,4,512,5,540X960,540,960,5,Yes,Yes,3899
Yes,No,1700,1500,Yes,Intex,1328,5,Yes,16,2,Android,4,2000,8,540X960,540,960,4.5,Yes,Yes,4499
Yes,No,1600,1500,Yes,Intex,1330,1.3,Yes,8,2,Android,4,512,5,480X854,480,854,4.5,Yes,Yes,4449
Yes,No,2300,2000,Yes,Intex,1331,2,Yes,8,2,Android,4,1000,8,720X1280,720,1280,5.5,Yes,Yes,8200
Yes,Yes,3000,3000,Yes,Asus,1332,5,Yes,16,2,Android,8,3000,13,1080X1920,1080,1920,6,Yes,Yes,8999
No,Yes,2300,2000,Yes,Intex,1333,5,Yes,16,2,Android,4,2000,13,720X1280,720,1280,5,Yes,Yes,5999
Yes,Yes,2500,2500,Yes,Lava,1334,8,Yes,16,1,Android,4,2000,13,720X1280,720,1280,5,Yes,Yes,6999
Yes,Yes,2070,2000,Yes,Asus,1335,5,Yes,8,2,Android,4,2000,13,720X1280,720,1280,5,Yes,Yes,5990
Yes,No,2000,2000,Yes,Lava,1338,5,Yes,8,2,Android,4,1000,8,854X480,854,480,4.5,Yes,Yes,2999
Yes,Yes,2450,2000,Yes,InFocus,1339,5,No,16,1,Android,8,2000,13,1080X1920,1080,1920,5.2,Yes,Yes,4490
Yes,No,3000,3000,Yes,iBall,1341,5,No,8,2,Android,4,1000,8,720X1280,720,1280,6,Yes,Yes,5000
Yes,No,2000,2000,Yes,Lava,1342,2,Yes,8,2,Android,4,1000,5,480X854,480,854,5,Yes,Yes,2999
Yes,No,2900,2500,Yes,Intex,1343,2,Yes,4,2,Android,4,512,5,480X800,480,800,4,Yes,Yes,4050
Yes,No,2540,2500,Yes,LG,1344,5,Yes,8,2,Android,4,1000,8,480X854,480,854,5,Yes,Yes,3999
Yes,No,1800,1500,Yes,Karbonn,1345,5,Yes,16,2,Android,4,2000,8,720X1280,720,1280,4.7,Yes,Yes,3990
Yes,No,1500,1500,Yes,Panasonic,1346,0.3,Yes,4,2,Android,4,512,3,480X800,480,800,4,Yes,Yes,2990
Yes,Yes,2300,2000,Yes,Vivo,1350,5,Yes,16,2,Android,4,2000,13,720X1280,720,1280,5,Yes,Yes,15300
Yes,No,2050,2000,Yes,Panasonic,1351,5,Yes,16,2,Android,8,2000,13,720X1280,720,1280,5,Yes,Yes,5529
Yes,No,2100,2000,Yes,Xolo,1352,2,Yes,8,2,Android,4,1000,8,854X480,854,480,5,Yes,Yes,3699
Yes,No,1400,1000,Yes,Intex,1353,0.3,Yes,8,2,Android,4,1000,5,480X800,480,800,4,Yes,Yes,3599
Yes,No,1500,1500,Yes,Intex,1354,0.3,Yes,8,2,Android,4,512,5,480X800,480,800,4,Yes,Yes,2599
Yes,No,2000,2000,Yes,Videocon,1355,5,Yes,8,2,Android,4,1000,8,480X854,480,854,5,Yes,Yes,2940
Yes,No,2150,2000,Yes,iBall,1358,0,Yes,8,2,Android,4,1000,8,480X854,480,854,5,Yes,Yes,3999
